---------------------------------------------------------------------------------------------
      name:  <unnamed>
       log:  C:\Users\Dell\OneDrive - Wilfrid Laurier University\Spring - 2026\EC 481\Term pa
> per\Tran_EC481_submission\code_Tran\data/output/ec481_final_Tran.log
  log type:  text
 opened on:  10 Aug 2026, 20:45:03

. 
. * --- 1. Clean raw sources ---------------------------------------------------
. do "$dofiles/02_clean_hpi.do"          // CREA MLS HPI, one row per board-year

. *==============================================================================
. * 02_clean_hpi.do  --  Clean CREA MLS HPI to one row per (board-market, year)
. *------------------------------------------------------------------------------
. * Input : $raw/crea_hpi_Tran.xlsx    (one worksheet per CREA board)
. * Output: $clean/hpi_annual_clean_Tran.dta
. *==============================================================================
. 
. * Enumerate worksheets
. import excel "$raw/crea_hpi_Tran.xlsx", describe

                            Sheet | Range
  --------------------------------+--------------------------------
                        AGGREGATE | A1:M22
                 BRITISH_COLUMBIA | A1:M22
                 VANCOUVER_ISLAND | A1:M22
                         VICTORIA | A1:M22
                   LOWER_MAINLAND | A1:M22
                GREATER_VANCOUVER | A1:M22
                    FRASER_VALLEY | A1:M22
          CHILLIWACK_AND_DISTRICT | A1:M22
                      INTERIOR_BC | A1:M22
                          ALBERTA | A1:M22
                          CALGARY | A1:M22
                         EDMONTON | A1:M22
                     SASKATCHEWAN | A1:M22
                           REGINA | A1:M22
                        SASKATOON | A1:M22
                         WINNIPEG | A1:M22
                          ONTARIO | A1:M22
                BANCROFT_AND_AREA | A1:I22
              BARRIE_AND_DISTRICT | A1:M22
                 BRANTFORD_REGION | A1:M22
                        CAMBRIDGE | A1:M22
            GREY_BRUCE_OWEN_SOUND | A1:M22
              GUELPH_AND_DISTRICT | A1:M22
              HAMILTON_BURLINGTON | A1:M22
                      HURON_PERTH | A1:K22
                   KAWARTHA_LAKES | A1:I22
                KINGSTON_AND_AREA | A1:M22
               KITCHENER_WATERLOO | A1:M22
                        LAKELANDS | A1:M22
                 LONDON_ST_THOMAS | A1:M22
                      MISSISSAUGA | A1:M22
                   NIAGARA_REGION | A1:M22
                        NORTH_BAY | A1:I22
             NORTHUMBERLAND_HILLS | A1:K22
                  OAKVILLE_MILTON | A1:M22
                           OTTAWA | A1:M22
       PETERBOROUGH_AND_KAWARTHAS | A1:I22
              QUINTE_AND_DISTRICT | A1:K22
               RIDEAU_ST_LAWRENCE | A1:M22
                  SAULT_STE_MARIE | A1:I22
              SIMCOE_AND_DISTRICT | A1:K22
                          SUDBURY | A1:I22
                  GREATER_TORONTO | A1:M22
                    WINDSOR_ESSEX | A1:M22
  WOODSTOCK_INGERSOLL_TILLSONBURG | A1:K22
                           QUEBEC | A1:M22
                 CENTRE_DU_QUEBEC | A1:K22
                           ESTRIE | A1:K22
                         MAURICIE | A1:K22
                     MONTREAL_CMA | A1:M22
                       QUEBEC_CMA | A1:M22
                    NEW_BRUNSWICK | A1:M22
                      FREDERICTON | A1:K22
                  GREATER_MONCTON | A1:M22
                    SAINT_JOHN_NB | A1:K22
                      NOVA_SCOTIA | A1:M22
                HALIFAX_DARTMOUTH | A1:M22
             PRINCE_EDWARD_ISLAND | A1:I22
        NEWFOUNDLAND_AND_LABRADOR | A1:M22
                      ST_JOHNS_NL | A1:M22

. local nsheets = r(N_worksheet)

. forvalues i = 1/`nsheets' {
  2.     local sheet`i' "`r(worksheet_`i')'"
  3. }

. 
. tempfile master

. local first = 1

. 
. forvalues i = 1/`nsheets' {
  2.     local sh "`sheet`i''"
  3.     display as text "Importing sheet: `sh'"
  4. 
.     import excel "$raw/crea_hpi_Tran.xlsx", sheet("`sh'") firstrow clear
  5.     gen market_crea = "`sh'"
  6. 
.     rename Date year
  7.     destring year, replace
  8. 
.     * Composite benchmark price: select BY NAME, not by position.
.     * Board worksheets differ in column count (9, 11, or 13 cols) but every
.     * board carries a "Composite_Benchmark" column. Positional selection
.     * (the old "8th variable" rule) silently grabbed Single_Family_Benchmark
.     * or One_Storey_Benchmark on the smaller boards -- an apples-to-oranges bug.
.     capture confirm variable Composite_Benchmark
  9.     if _rc {
 10.         display as error "Sheet `sh' has no Composite_Benchmark column; skipped."
 11.         continue
 12.     }
 13.     rename Composite_Benchmark benchmark_price
 14. 
.     keep market_crea year benchmark_price
 15.     order market_crea year benchmark_price
 16. 
.     if `first' == 1 {
 17.         save `master', replace
 18.         local first = 0
 19.     }
 20.     else {
 21.         append using `master'
 22.         save `master', replace
 23.     }
 24. }
Importing sheet: AGGREGATE
(13 vars, 21 obs)
year already numeric; no replace
(file C:\Users\Dell\AppData\Local\Temp\ST_2828_000001.tmp not found)
file C:\Users\Dell\AppData\Local\Temp\ST_2828_000001.tmp saved as .dta format
Importing sheet: BRITISH_COLUMBIA
(13 vars, 21 obs)
year already numeric; no replace
file C:\Users\Dell\AppData\Local\Temp\ST_2828_000001.tmp saved as .dta format
Importing sheet: VANCOUVER_ISLAND
(13 vars, 21 obs)
year already numeric; no replace
file C:\Users\Dell\AppData\Local\Temp\ST_2828_000001.tmp saved as .dta format
Importing sheet: VICTORIA
(13 vars, 21 obs)
year already numeric; no replace
(variable market_crea was str8, now str16 to accommodate using data's values)
file C:\Users\Dell\AppData\Local\Temp\ST_2828_000001.tmp saved as .dta format
Importing sheet: LOWER_MAINLAND
(13 vars, 21 obs)
year already numeric; no replace
(variable market_crea was str14, now str16 to accommodate using data's values)
file C:\Users\Dell\AppData\Local\Temp\ST_2828_000001.tmp saved as .dta format
Importing sheet: GREATER_VANCOUVER
(13 vars, 21 obs)
year already numeric; no replace
file C:\Users\Dell\AppData\Local\Temp\ST_2828_000001.tmp saved as .dta format
Importing sheet: FRASER_VALLEY
(13 vars, 21 obs)
year already numeric; no replace
(variable market_crea was str13, now str17 to accommodate using data's values)
file C:\Users\Dell\AppData\Local\Temp\ST_2828_000001.tmp saved as .dta format
Importing sheet: CHILLIWACK_AND_DISTRICT
(13 vars, 21 obs)
year already numeric; no replace
file C:\Users\Dell\AppData\Local\Temp\ST_2828_000001.tmp saved as .dta format
Importing sheet: INTERIOR_BC
(13 vars, 21 obs)
year already numeric; no replace
(variable market_crea was str11, now str23 to accommodate using data's values)
file C:\Users\Dell\AppData\Local\Temp\ST_2828_000001.tmp saved as .dta format
Importing sheet: ALBERTA
(13 vars, 21 obs)
year already numeric; no replace
(variable market_crea was str7, now str23 to accommodate using data's values)
file C:\Users\Dell\AppData\Local\Temp\ST_2828_000001.tmp saved as .dta format
Importing sheet: CALGARY
(13 vars, 21 obs)
year already numeric; no replace
(variable market_crea was str7, now str23 to accommodate using data's values)
file C:\Users\Dell\AppData\Local\Temp\ST_2828_000001.tmp saved as .dta format
Importing sheet: EDMONTON
(13 vars, 21 obs)
year already numeric; no replace
(variable market_crea was str8, now str23 to accommodate using data's values)
file C:\Users\Dell\AppData\Local\Temp\ST_2828_000001.tmp saved as .dta format
Importing sheet: SASKATCHEWAN
(13 vars, 21 obs)
year already numeric; no replace
(variable market_crea was str12, now str23 to accommodate using data's values)
file C:\Users\Dell\AppData\Local\Temp\ST_2828_000001.tmp saved as .dta format
Importing sheet: REGINA
(13 vars, 21 obs)
year already numeric; no replace
(variable market_crea was str6, now str23 to accommodate using data's values)
file C:\Users\Dell\AppData\Local\Temp\ST_2828_000001.tmp saved as .dta format
Importing sheet: SASKATOON
(13 vars, 21 obs)
year already numeric; no replace
(variable market_crea was str9, now str23 to accommodate using data's values)
file C:\Users\Dell\AppData\Local\Temp\ST_2828_000001.tmp saved as .dta format
Importing sheet: WINNIPEG
(13 vars, 21 obs)
year already numeric; no replace
(variable market_crea was str8, now str23 to accommodate using data's values)
file C:\Users\Dell\AppData\Local\Temp\ST_2828_000001.tmp saved as .dta format
Importing sheet: ONTARIO
(13 vars, 21 obs)
year already numeric; no replace
(variable market_crea was str7, now str23 to accommodate using data's values)
file C:\Users\Dell\AppData\Local\Temp\ST_2828_000001.tmp saved as .dta format
Importing sheet: BANCROFT_AND_AREA
(9 vars, 21 obs)
year already numeric; no replace
(variable market_crea was str17, now str23 to accommodate using data's values)
file C:\Users\Dell\AppData\Local\Temp\ST_2828_000001.tmp saved as .dta format
Importing sheet: BARRIE_AND_DISTRICT
(13 vars, 21 obs)
year already numeric; no replace
(variable market_crea was str19, now str23 to accommodate using data's values)
file C:\Users\Dell\AppData\Local\Temp\ST_2828_000001.tmp saved as .dta format
Importing sheet: BRANTFORD_REGION
(13 vars, 21 obs)
year already numeric; no replace
(variable market_crea was str16, now str23 to accommodate using data's values)
file C:\Users\Dell\AppData\Local\Temp\ST_2828_000001.tmp saved as .dta format
Importing sheet: CAMBRIDGE
(13 vars, 21 obs)
year already numeric; no replace
(variable market_crea was str9, now str23 to accommodate using data's values)
file C:\Users\Dell\AppData\Local\Temp\ST_2828_000001.tmp saved as .dta format
Importing sheet: GREY_BRUCE_OWEN_SOUND
(13 vars, 21 obs)
year already numeric; no replace
(variable market_crea was str21, now str23 to accommodate using data's values)
file C:\Users\Dell\AppData\Local\Temp\ST_2828_000001.tmp saved as .dta format
Importing sheet: GUELPH_AND_DISTRICT
(13 vars, 21 obs)
year already numeric; no replace
(variable market_crea was str19, now str23 to accommodate using data's values)
file C:\Users\Dell\AppData\Local\Temp\ST_2828_000001.tmp saved as .dta format
Importing sheet: HAMILTON_BURLINGTON
(13 vars, 21 obs)
year already numeric; no replace
(variable market_crea was str19, now str23 to accommodate using data's values)
file C:\Users\Dell\AppData\Local\Temp\ST_2828_000001.tmp saved as .dta format
Importing sheet: HURON_PERTH
(11 vars, 21 obs)
year already numeric; no replace
(variable market_crea was str11, now str23 to accommodate using data's values)
file C:\Users\Dell\AppData\Local\Temp\ST_2828_000001.tmp saved as .dta format
Importing sheet: KAWARTHA_LAKES
(9 vars, 21 obs)
year already numeric; no replace
(variable market_crea was str14, now str23 to accommodate using data's values)
file C:\Users\Dell\AppData\Local\Temp\ST_2828_000001.tmp saved as .dta format
Importing sheet: KINGSTON_AND_AREA
(13 vars, 21 obs)
year already numeric; no replace
(variable market_crea was str17, now str23 to accommodate using data's values)
file C:\Users\Dell\AppData\Local\Temp\ST_2828_000001.tmp saved as .dta format
Importing sheet: KITCHENER_WATERLOO
(13 vars, 21 obs)
year already numeric; no replace
(variable market_crea was str18, now str23 to accommodate using data's values)
file C:\Users\Dell\AppData\Local\Temp\ST_2828_000001.tmp saved as .dta format
Importing sheet: LAKELANDS
(13 vars, 21 obs)
year already numeric; no replace
(variable market_crea was str9, now str23 to accommodate using data's values)
file C:\Users\Dell\AppData\Local\Temp\ST_2828_000001.tmp saved as .dta format
Importing sheet: LONDON_ST_THOMAS
(13 vars, 21 obs)
year already numeric; no replace
(variable market_crea was str16, now str23 to accommodate using data's values)
file C:\Users\Dell\AppData\Local\Temp\ST_2828_000001.tmp saved as .dta format
Importing sheet: MISSISSAUGA
(13 vars, 21 obs)
year already numeric; no replace
(variable market_crea was str11, now str23 to accommodate using data's values)
file C:\Users\Dell\AppData\Local\Temp\ST_2828_000001.tmp saved as .dta format
Importing sheet: NIAGARA_REGION
(13 vars, 21 obs)
year already numeric; no replace
(variable market_crea was str14, now str23 to accommodate using data's values)
file C:\Users\Dell\AppData\Local\Temp\ST_2828_000001.tmp saved as .dta format
Importing sheet: NORTH_BAY
(9 vars, 21 obs)
year already numeric; no replace
(variable market_crea was str9, now str23 to accommodate using data's values)
file C:\Users\Dell\AppData\Local\Temp\ST_2828_000001.tmp saved as .dta format
Importing sheet: NORTHUMBERLAND_HILLS
(11 vars, 21 obs)
year already numeric; no replace
(variable market_crea was str20, now str23 to accommodate using data's values)
file C:\Users\Dell\AppData\Local\Temp\ST_2828_000001.tmp saved as .dta format
Importing sheet: OAKVILLE_MILTON
(13 vars, 21 obs)
year already numeric; no replace
(variable market_crea was str15, now str23 to accommodate using data's values)
file C:\Users\Dell\AppData\Local\Temp\ST_2828_000001.tmp saved as .dta format
Importing sheet: OTTAWA
(13 vars, 21 obs)
year already numeric; no replace
(variable market_crea was str6, now str23 to accommodate using data's values)
file C:\Users\Dell\AppData\Local\Temp\ST_2828_000001.tmp saved as .dta format
Importing sheet: PETERBOROUGH_AND_KAWARTHAS
(9 vars, 21 obs)
year already numeric; no replace
file C:\Users\Dell\AppData\Local\Temp\ST_2828_000001.tmp saved as .dta format
Importing sheet: QUINTE_AND_DISTRICT
(11 vars, 21 obs)
year already numeric; no replace
(variable market_crea was str19, now str26 to accommodate using data's values)
file C:\Users\Dell\AppData\Local\Temp\ST_2828_000001.tmp saved as .dta format
Importing sheet: RIDEAU_ST_LAWRENCE
(13 vars, 21 obs)
year already numeric; no replace
(variable market_crea was str18, now str26 to accommodate using data's values)
file C:\Users\Dell\AppData\Local\Temp\ST_2828_000001.tmp saved as .dta format
Importing sheet: SAULT_STE_MARIE
(9 vars, 21 obs)
year already numeric; no replace
(variable market_crea was str15, now str26 to accommodate using data's values)
file C:\Users\Dell\AppData\Local\Temp\ST_2828_000001.tmp saved as .dta format
Importing sheet: SIMCOE_AND_DISTRICT
(11 vars, 21 obs)
year already numeric; no replace
(variable market_crea was str19, now str26 to accommodate using data's values)
file C:\Users\Dell\AppData\Local\Temp\ST_2828_000001.tmp saved as .dta format
Importing sheet: SUDBURY
(9 vars, 21 obs)
year already numeric; no replace
(variable market_crea was str7, now str26 to accommodate using data's values)
file C:\Users\Dell\AppData\Local\Temp\ST_2828_000001.tmp saved as .dta format
Importing sheet: GREATER_TORONTO
(13 vars, 21 obs)
year already numeric; no replace
(variable market_crea was str15, now str26 to accommodate using data's values)
file C:\Users\Dell\AppData\Local\Temp\ST_2828_000001.tmp saved as .dta format
Importing sheet: WINDSOR_ESSEX
(13 vars, 21 obs)
year already numeric; no replace
(variable market_crea was str13, now str26 to accommodate using data's values)
file C:\Users\Dell\AppData\Local\Temp\ST_2828_000001.tmp saved as .dta format
Importing sheet: WOODSTOCK_INGERSOLL_TILLSONBURG
(11 vars, 21 obs)
year already numeric; no replace
file C:\Users\Dell\AppData\Local\Temp\ST_2828_000001.tmp saved as .dta format
Importing sheet: QUEBEC
(13 vars, 21 obs)
year already numeric; no replace
(variable market_crea was str6, now str31 to accommodate using data's values)
file C:\Users\Dell\AppData\Local\Temp\ST_2828_000001.tmp saved as .dta format
Importing sheet: CENTRE_DU_QUEBEC
(11 vars, 21 obs)
year already numeric; no replace
(variable market_crea was str16, now str31 to accommodate using data's values)
file C:\Users\Dell\AppData\Local\Temp\ST_2828_000001.tmp saved as .dta format
Importing sheet: ESTRIE
(11 vars, 21 obs)
year already numeric; no replace
(variable market_crea was str6, now str31 to accommodate using data's values)
file C:\Users\Dell\AppData\Local\Temp\ST_2828_000001.tmp saved as .dta format
Importing sheet: MAURICIE
(11 vars, 21 obs)
year already numeric; no replace
(variable market_crea was str8, now str31 to accommodate using data's values)
file C:\Users\Dell\AppData\Local\Temp\ST_2828_000001.tmp saved as .dta format
Importing sheet: MONTREAL_CMA
(13 vars, 21 obs)
year already numeric; no replace
(variable market_crea was str12, now str31 to accommodate using data's values)
file C:\Users\Dell\AppData\Local\Temp\ST_2828_000001.tmp saved as .dta format
Importing sheet: QUEBEC_CMA
(13 vars, 21 obs)
year already numeric; no replace
(variable market_crea was str10, now str31 to accommodate using data's values)
file C:\Users\Dell\AppData\Local\Temp\ST_2828_000001.tmp saved as .dta format
Importing sheet: NEW_BRUNSWICK
(13 vars, 21 obs)
year already numeric; no replace
(variable market_crea was str13, now str31 to accommodate using data's values)
file C:\Users\Dell\AppData\Local\Temp\ST_2828_000001.tmp saved as .dta format
Importing sheet: FREDERICTON
(11 vars, 21 obs)
year already numeric; no replace
(variable market_crea was str11, now str31 to accommodate using data's values)
file C:\Users\Dell\AppData\Local\Temp\ST_2828_000001.tmp saved as .dta format
Importing sheet: GREATER_MONCTON
(13 vars, 21 obs)
year already numeric; no replace
(variable market_crea was str15, now str31 to accommodate using data's values)
file C:\Users\Dell\AppData\Local\Temp\ST_2828_000001.tmp saved as .dta format
Importing sheet: SAINT_JOHN_NB
(11 vars, 21 obs)
year already numeric; no replace
(variable market_crea was str13, now str31 to accommodate using data's values)
file C:\Users\Dell\AppData\Local\Temp\ST_2828_000001.tmp saved as .dta format
Importing sheet: NOVA_SCOTIA
(13 vars, 21 obs)
year already numeric; no replace
(variable market_crea was str11, now str31 to accommodate using data's values)
file C:\Users\Dell\AppData\Local\Temp\ST_2828_000001.tmp saved as .dta format
Importing sheet: HALIFAX_DARTMOUTH
(13 vars, 21 obs)
year already numeric; no replace
(variable market_crea was str17, now str31 to accommodate using data's values)
file C:\Users\Dell\AppData\Local\Temp\ST_2828_000001.tmp saved as .dta format
Importing sheet: PRINCE_EDWARD_ISLAND
(9 vars, 21 obs)
year already numeric; no replace
(variable market_crea was str20, now str31 to accommodate using data's values)
file C:\Users\Dell\AppData\Local\Temp\ST_2828_000001.tmp saved as .dta format
Importing sheet: NEWFOUNDLAND_AND_LABRADOR
(13 vars, 21 obs)
year already numeric; no replace
(variable market_crea was str25, now str31 to accommodate using data's values)
file C:\Users\Dell\AppData\Local\Temp\ST_2828_000001.tmp saved as .dta format
Importing sheet: ST_JOHNS_NL
(13 vars, 21 obs)
year already numeric; no replace
(variable market_crea was str11, now str31 to accommodate using data's values)
file C:\Users\Dell\AppData\Local\Temp\ST_2828_000001.tmp saved as .dta format

. 
. use `master', clear

. 
. * Restrict to analysis window and clean
. keep if inrange(year, 2016, 2023)
(780 observations deleted)

. destring benchmark_price, replace ignore(", $")
benchmark_price already numeric; no replace

. drop if missing(market_crea, year, benchmark_price)
(0 observations deleted)

. 
. duplicates report market_crea year

Duplicates in terms of market_crea year

--------------------------------------
   Copies | Observations       Surplus
----------+---------------------------
        1 |          480             0
--------------------------------------

. collapse (mean) benchmark_price, by(market_crea year)

. 
. rename market_crea crea_market

. replace crea_market = strtrim(itrim(crea_market))
(0 real changes made)

. sort crea_market year

. 
. * Panel-coverage diagnostics
. tab year

       Date |      Freq.     Percent        Cum.
------------+-----------------------------------
       2016 |         60       12.50       12.50
       2017 |         60       12.50       25.00
       2018 |         60       12.50       37.50
       2019 |         60       12.50       50.00
       2020 |         60       12.50       62.50
       2021 |         60       12.50       75.00
       2022 |         60       12.50       87.50
       2023 |         60       12.50      100.00
------------+-----------------------------------
      Total |        480      100.00

. bysort crea_market: gen n_years = _N

. tab n_years

    n_years |      Freq.     Percent        Cum.
------------+-----------------------------------
          8 |        480      100.00      100.00
------------+-----------------------------------
      Total |        480      100.00

. drop n_years

. 
. save "$clean/hpi_annual_clean_Tran.dta", replace
file C:\Users\Dell\OneDrive - Wilfrid Laurier University\Spring - 2026\EC 481\Term
    paper\Tran_EC481_submission\code_Tran\data/clean/hpi_annual_clean_Tran.dta saved

. 
end of do-file

. do "$dofiles/03_crosswalk.do"          // CREA -> CMA crosswalk + baseline sample flag

. *==============================================================================
. * 03_crosswalk.do  --  CREA -> CMA crosswalk, merge into HPI panel
. *------------------------------------------------------------------------------
. * Input : $raw/crosswalk_Tran.xlsx sheet Final_Crosswalk
. *         $clean/hpi_annual_clean_Tran.dta
. * Output: $clean/crosswalk_final_Tran.dta
. *         $clean/hpi_cma_clean_Tran.dta   (baseline 31-market HPI panel)
. *==============================================================================
. 
. * -------------------------- Import crosswalk --------------------------------
. import excel "$raw/crosswalk_Tran.xlsx", ///
>     sheet("Final_Crosswalk") firstrow clear allstring
(8 vars, 50 obs)

. 
. ds
CREAMarket    MatchedCMA    MatchMethod   PrincipalC~k
MatchTier     Province      BaselineSa~e  Notes

. local vlist `r(varlist)'

. local nvars : word count `vlist'

. if `nvars' < 8 {
.     display as error "ERROR: crosswalk.xlsx has fewer than 8 columns. Check the Final_Cross
> walk sheet."
.     exit 198
. }

. 
. * Positional renaming: 1 CREA Market, 2 Tier, 3 CMA, 4 Province, 5 Method,
. *                     6 Baseline, 7 Principal City, 8 Notes
. local i = 1

. foreach nm in crea_market match_tier cma_name province match_method ///
>               baseline_sample principal_city notes {
  2.     local vv : word `i' of `vlist'
  3.     rename `vv' `nm'
  4.     local ++i
  5. }

. 
. * -------------------------- Clean text columns ------------------------------
. foreach var in crea_market match_tier cma_name province match_method ///
>                baseline_sample principal_city notes {
  2.     replace `var' = strtrim(itrim(`var'))
  3. }
(0 real changes made)
(0 real changes made)
(0 real changes made)
(0 real changes made)
(0 real changes made)
(0 real changes made)
(0 real changes made)
(0 real changes made)

. drop if missing(crea_market)
(0 observations deleted)

. 
. foreach var in cma_name principal_city {
  2.     replace `var' = "" if inlist(`var', "—", "-")
  3. }
(14 real changes made)
(19 real changes made)

. replace province = upper(province)
(0 real changes made)

. replace baseline_sample = upper(baseline_sample)
(0 real changes made)

. 
. * -------------------------- Baseline flag -----------------------------------
. gen keep_baseline = .
(50 missing values generated)

. replace keep_baseline = 1 if baseline_sample == "YES"
(31 real changes made)

. replace keep_baseline = 0 if baseline_sample == "NO"
(19 real changes made)

. tab baseline_sample keep_baseline, missing

  Baseline |     keep_baseline
    Sample |         0          1 |     Total
-----------+----------------------+----------
        NO |        19          0 |        19 
       YES |         0         31 |        31 
-----------+----------------------+----------
     Total |        19         31 |        50 

. 
. * -------------------------- Match quality -----------------------------------
. gen match_quality = ""
(50 missing values generated)

. replace match_quality = "exact_name"    if match_tier == "Tier 1"
variable match_quality was str1 now str10
(7 real changes made)

. replace match_quality = "pip_confirmed" if match_tier == "Tier 2"
variable match_quality was str10 now str13
(19 real changes made)

. replace match_quality = "manual_anchor" if match_tier == "Tier 3"
(5 real changes made)

. replace match_quality = "excluded"      if match_tier == "Excluded"
(19 real changes made)

. 
. * Robustness: catch spacing/case variants
. replace match_quality = "exact_name"    if missing(match_quality) & strpos(lower(match_tier
> ),"tier 1")>0
(0 real changes made)

. replace match_quality = "pip_confirmed" if missing(match_quality) & strpos(lower(match_tier
> ),"tier 2")>0
(0 real changes made)

. replace match_quality = "manual_anchor" if missing(match_quality) & strpos(lower(match_tier
> ),"tier 3")>0
(0 real changes made)

. replace match_quality = "excluded"      if missing(match_quality) & strpos(lower(match_tier
> ),"excluded")>0
(0 real changes made)

. 
. tab match_tier

 Match Tier |      Freq.     Percent        Cum.
------------+-----------------------------------
   Excluded |         19       38.00       38.00
     Tier 1 |          7       14.00       52.00
     Tier 2 |         19       38.00       90.00
     Tier 3 |          5       10.00      100.00
------------+-----------------------------------
      Total |         50      100.00

. tab match_quality

match_quality |      Freq.     Percent        Cum.
--------------+-----------------------------------
   exact_name |          7       14.00       14.00
     excluded |         19       38.00       52.00
manual_anchor |          5       10.00       62.00
pip_confirmed |         19       38.00      100.00
--------------+-----------------------------------
        Total |         50      100.00

. tab match_tier keep_baseline

           |     keep_baseline
Match Tier |         0          1 |     Total
-----------+----------------------+----------
  Excluded |        19          0 |        19 
    Tier 1 |         0          7 |         7 
    Tier 2 |         0         19 |        19 
    Tier 3 |         0          5 |         5 
-----------+----------------------+----------
     Total |        19         31 |        50 

. 
. * Duplicates
. duplicates report crea_market

Duplicates in terms of crea_market

--------------------------------------
   Copies | Observations       Surplus
----------+---------------------------
        1 |           50             0
--------------------------------------

. duplicates report cma_name if keep_baseline == 1

Duplicates in terms of cma_name

--------------------------------------
   Copies | Observations       Surplus
----------+---------------------------
        1 |           31             0
--------------------------------------

. 
. order crea_market cma_name province match_tier match_quality match_method ///
>       keep_baseline baseline_sample principal_city notes

. sort keep_baseline province cma_name crea_market

. 
. save "$clean/crosswalk_final_Tran.dta", replace
file C:\Users\Dell\OneDrive - Wilfrid Laurier University\Spring - 2026\EC 481\Term
    paper\Tran_EC481_submission\code_Tran\data/clean/crosswalk_final_Tran.dta saved

. 
. 
. * ============== Merge crosswalk into HPI to build 31-market baseline ========
. use "$clean/hpi_annual_clean_Tran.dta", clear

. replace crea_market = strtrim(itrim(crea_market))
(0 real changes made)

. 
. merge m:1 crea_market using "$clean/crosswalk_final_Tran.dta"

    Result                      Number of obs
    -----------------------------------------
    Not matched                            80
        from master                        80  (_merge==1)
        from using                          0  (_merge==2)

    Matched                               400  (_merge==3)
    -----------------------------------------

. tab _merge

   Matching result from |
                  merge |      Freq.     Percent        Cum.
------------------------+-----------------------------------
        Master only (1) |         80       16.67       16.67
            Matched (3) |        400       83.33      100.00
------------------------+-----------------------------------
                  Total |        480      100.00

. list crea_market year benchmark_price if _merge == 1, sepby(crea_market)

     +---------------------------------------------+
     |               crea_market   year   benchm~e |
     |---------------------------------------------|
  1. |                 AGGREGATE   2016     480300 |
  2. |                 AGGREGATE   2017     537900 |
  3. |                 AGGREGATE   2018     530600 |
  4. |                 AGGREGATE   2019     517900 |
  5. |                 AGGREGATE   2020     558600 |
  6. |                 AGGREGATE   2021     688100 |
  7. |                 AGGREGATE   2022     779300 |
  8. |                 AGGREGATE   2023     720500 |
     |---------------------------------------------|
  9. |                   ALBERTA   2016     389500 |
 10. |                   ALBERTA   2017     395400 |
 11. |                   ALBERTA   2018     395400 |
 12. |                   ALBERTA   2019     385200 |
 13. |                   ALBERTA   2020     383700 |
 14. |                   ALBERTA   2021     418400 |
 15. |                   ALBERTA   2022     465400 |
 16. |                   ALBERTA   2023     477200 |
     |---------------------------------------------|
 41. |          BRITISH_COLUMBIA   2016     690200 |
 42. |          BRITISH_COLUMBIA   2017     732600 |
 43. |          BRITISH_COLUMBIA   2018     737100 |
 44. |          BRITISH_COLUMBIA   2019     665600 |
 45. |          BRITISH_COLUMBIA   2020     704500 |
 46. |          BRITISH_COLUMBIA   2021     852900 |
 47. |          BRITISH_COLUMBIA   2022     995000 |
 48. |          BRITISH_COLUMBIA   2023     943600 |
     |---------------------------------------------|
257. | NEWFOUNDLAND_AND_LABRADOR   2016     250800 |
258. | NEWFOUNDLAND_AND_LABRADOR   2017     245700 |
259. | NEWFOUNDLAND_AND_LABRADOR   2018     237800 |
260. | NEWFOUNDLAND_AND_LABRADOR   2019     229300 |
261. | NEWFOUNDLAND_AND_LABRADOR   2020     232200 |
262. | NEWFOUNDLAND_AND_LABRADOR   2021     250300 |
263. | NEWFOUNDLAND_AND_LABRADOR   2022     271200 |
264. | NEWFOUNDLAND_AND_LABRADOR   2023     280200 |
     |---------------------------------------------|
265. |             NEW_BRUNSWICK   2016     147800 |
266. |             NEW_BRUNSWICK   2017     153200 |
267. |             NEW_BRUNSWICK   2018     158200 |
268. |             NEW_BRUNSWICK   2019     164600 |
269. |             NEW_BRUNSWICK   2020     181400 |
270. |             NEW_BRUNSWICK   2021     227900 |
271. |             NEW_BRUNSWICK   2022     281700 |
272. |             NEW_BRUNSWICK   2023     279400 |
     |---------------------------------------------|
297. |               NOVA_SCOTIA   2016     201300 |
298. |               NOVA_SCOTIA   2017     206600 |
299. |               NOVA_SCOTIA   2018     216200 |
300. |               NOVA_SCOTIA   2019     230000 |
301. |               NOVA_SCOTIA   2020     261300 |
302. |               NOVA_SCOTIA   2021     335600 |
303. |               NOVA_SCOTIA   2022     395700 |
304. |               NOVA_SCOTIA   2023     394400 |
     |---------------------------------------------|
313. |                   ONTARIO   2016     502300 |
314. |                   ONTARIO   2017     584800 |
315. |                   ONTARIO   2018     569200 |
316. |                   ONTARIO   2019     580100 |
317. |                   ONTARIO   2020     643100 |
318. |                   ONTARIO   2021     808000 |
319. |                   ONTARIO   2022     916300 |
320. |                   ONTARIO   2023     836100 |
     |---------------------------------------------|
337. |      PRINCE_EDWARD_ISLAND   2016     171600 |
338. |      PRINCE_EDWARD_ISLAND   2017     183100 |
339. |      PRINCE_EDWARD_ISLAND   2018     203200 |
340. |      PRINCE_EDWARD_ISLAND   2019     222000 |
341. |      PRINCE_EDWARD_ISLAND   2020     246400 |
342. |      PRINCE_EDWARD_ISLAND   2021     305400 |
343. |      PRINCE_EDWARD_ISLAND   2022     355900 |
344. |      PRINCE_EDWARD_ISLAND   2023     362100 |
     |---------------------------------------------|
345. |                    QUEBEC   2016     268300 |
346. |                    QUEBEC   2017     282500 |
347. |                    QUEBEC   2018     298400 |
348. |                    QUEBEC   2019     315000 |
349. |                    QUEBEC   2020     350500 |
350. |                    QUEBEC   2021     416800 |
351. |                    QUEBEC   2022     469000 |
352. |                    QUEBEC   2023     459400 |
     |---------------------------------------------|
393. |              SASKATCHEWAN   2016     290100 |
394. |              SASKATCHEWAN   2017     287000 |
395. |              SASKATCHEWAN   2018     281000 |
396. |              SASKATCHEWAN   2019     274200 |
397. |              SASKATCHEWAN   2020     284300 |
398. |              SASKATCHEWAN   2021     307600 |
399. |              SASKATCHEWAN   2022     322200 |
400. |              SASKATCHEWAN   2023     321600 |
     +---------------------------------------------+

. list crea_market cma_name match_tier keep_baseline if _merge == 2

. 
. keep if _merge == 3
(80 observations deleted)

. drop _merge

. 
. * Baseline sample only
. keep if keep_baseline == 1
(152 observations deleted)

. 
. * Diagnostic counts
. egen tag_market = tag(crea_market)

. count if tag_market == 1
  31

. tab match_tier if tag_market == 1

 Match Tier |      Freq.     Percent        Cum.
------------+-----------------------------------
     Tier 1 |          7       22.58       22.58
     Tier 2 |         19       61.29       83.87
     Tier 3 |          5       16.13      100.00
------------+-----------------------------------
      Total |         31      100.00

. tab province   if tag_market == 1

   Province |      Freq.     Percent        Cum.
------------+-----------------------------------
         AB |          2        6.45        6.45
         BC |          3        9.68       16.13
         MB |          1        3.23       19.35
         NB |          3        9.68       29.03
         NL |          1        3.23       32.26
         NS |          1        3.23       35.48
         ON |         13       41.94       77.42
      ON/QC |          1        3.23       80.65
         QC |          4       12.90       93.55
         SK |          2        6.45      100.00
------------+-----------------------------------
      Total |         31      100.00

. drop tag_market

. 
. * Panel coverage
. tab year

       Date |      Freq.     Percent        Cum.
------------+-----------------------------------
       2016 |         31       12.50       12.50
       2017 |         31       12.50       25.00
       2018 |         31       12.50       37.50
       2019 |         31       12.50       50.00
       2020 |         31       12.50       62.50
       2021 |         31       12.50       75.00
       2022 |         31       12.50       87.50
       2023 |         31       12.50      100.00
------------+-----------------------------------
      Total |        248      100.00

. bysort crea_market: egen n_years = count(year)

. tab n_years

    n_years |      Freq.     Percent        Cum.
------------+-----------------------------------
          8 |        248      100.00      100.00
------------+-----------------------------------
      Total |        248      100.00

. list crea_market cma_name n_years if n_years != 10, sepby(crea_market)

     +-------------------------------------------------------------------------+
     |                crea_market                           cma_name   n_years |
     |-------------------------------------------------------------------------|
  1. |        BARRIE_AND_DISTRICT                             Barrie         8 |
  2. |        BARRIE_AND_DISTRICT                             Barrie         8 |
  3. |        BARRIE_AND_DISTRICT                             Barrie         8 |
  4. |        BARRIE_AND_DISTRICT                             Barrie         8 |
  5. |        BARRIE_AND_DISTRICT                             Barrie         8 |
  6. |        BARRIE_AND_DISTRICT                             Barrie         8 |
  7. |        BARRIE_AND_DISTRICT                             Barrie         8 |
  8. |        BARRIE_AND_DISTRICT                             Barrie         8 |
     |-------------------------------------------------------------------------|
  9. |           BRANTFORD_REGION                          Brantford         8 |
 10. |           BRANTFORD_REGION                          Brantford         8 |
 11. |           BRANTFORD_REGION                          Brantford         8 |
 12. |           BRANTFORD_REGION                          Brantford         8 |
 13. |           BRANTFORD_REGION                          Brantford         8 |
 14. |           BRANTFORD_REGION                          Brantford         8 |
 15. |           BRANTFORD_REGION                          Brantford         8 |
 16. |           BRANTFORD_REGION                          Brantford         8 |
     |-------------------------------------------------------------------------|
 17. |                    CALGARY                            Calgary         8 |
 18. |                    CALGARY                            Calgary         8 |
 19. |                    CALGARY                            Calgary         8 |
 20. |                    CALGARY                            Calgary         8 |
 21. |                    CALGARY                            Calgary         8 |
 22. |                    CALGARY                            Calgary         8 |
 23. |                    CALGARY                            Calgary         8 |
 24. |                    CALGARY                            Calgary         8 |
     |-------------------------------------------------------------------------|
 25. |    CHILLIWACK_AND_DISTRICT                         Chilliwack         8 |
 26. |    CHILLIWACK_AND_DISTRICT                         Chilliwack         8 |
 27. |    CHILLIWACK_AND_DISTRICT                         Chilliwack         8 |
 28. |    CHILLIWACK_AND_DISTRICT                         Chilliwack         8 |
 29. |    CHILLIWACK_AND_DISTRICT                         Chilliwack         8 |
 30. |    CHILLIWACK_AND_DISTRICT                         Chilliwack         8 |
 31. |    CHILLIWACK_AND_DISTRICT                         Chilliwack         8 |
 32. |    CHILLIWACK_AND_DISTRICT                         Chilliwack         8 |
     |-------------------------------------------------------------------------|
 33. |                   EDMONTON                           Edmonton         8 |
 34. |                   EDMONTON                           Edmonton         8 |
 35. |                   EDMONTON                           Edmonton         8 |
 36. |                   EDMONTON                           Edmonton         8 |
 37. |                   EDMONTON                           Edmonton         8 |
 38. |                   EDMONTON                           Edmonton         8 |
 39. |                   EDMONTON                           Edmonton         8 |
 40. |                   EDMONTON                           Edmonton         8 |
     |-------------------------------------------------------------------------|
 41. |                     ESTRIE                         Sherbrooke         8 |
 42. |                     ESTRIE                         Sherbrooke         8 |
 43. |                     ESTRIE                         Sherbrooke         8 |
 44. |                     ESTRIE                         Sherbrooke         8 |
 45. |                     ESTRIE                         Sherbrooke         8 |
 46. |                     ESTRIE                         Sherbrooke         8 |
 47. |                     ESTRIE                         Sherbrooke         8 |
 48. |                     ESTRIE                         Sherbrooke         8 |
     |-------------------------------------------------------------------------|
 49. |                FREDERICTON                        Fredericton         8 |
 50. |                FREDERICTON                        Fredericton         8 |
 51. |                FREDERICTON                        Fredericton         8 |
 52. |                FREDERICTON                        Fredericton         8 |
 53. |                FREDERICTON                        Fredericton         8 |
 54. |                FREDERICTON                        Fredericton         8 |
 55. |                FREDERICTON                        Fredericton         8 |
 56. |                FREDERICTON                        Fredericton         8 |
     |-------------------------------------------------------------------------|
 57. |            GREATER_MONCTON                            Moncton         8 |
 58. |            GREATER_MONCTON                            Moncton         8 |
 59. |            GREATER_MONCTON                            Moncton         8 |
 60. |            GREATER_MONCTON                            Moncton         8 |
 61. |            GREATER_MONCTON                            Moncton         8 |
 62. |            GREATER_MONCTON                            Moncton         8 |
 63. |            GREATER_MONCTON                            Moncton         8 |
 64. |            GREATER_MONCTON                            Moncton         8 |
     |-------------------------------------------------------------------------|
 65. |            GREATER_TORONTO                            Toronto         8 |
 66. |            GREATER_TORONTO                            Toronto         8 |
 67. |            GREATER_TORONTO                            Toronto         8 |
 68. |            GREATER_TORONTO                            Toronto         8 |
 69. |            GREATER_TORONTO                            Toronto         8 |
 70. |            GREATER_TORONTO                            Toronto         8 |
 71. |            GREATER_TORONTO                            Toronto         8 |
 72. |            GREATER_TORONTO                            Toronto         8 |
     |-------------------------------------------------------------------------|
 73. |          GREATER_VANCOUVER                          Vancouver         8 |
 74. |          GREATER_VANCOUVER                          Vancouver         8 |
 75. |          GREATER_VANCOUVER                          Vancouver         8 |
 76. |          GREATER_VANCOUVER                          Vancouver         8 |
 77. |          GREATER_VANCOUVER                          Vancouver         8 |
 78. |          GREATER_VANCOUVER                          Vancouver         8 |
 79. |          GREATER_VANCOUVER                          Vancouver         8 |
 80. |          GREATER_VANCOUVER                          Vancouver         8 |
     |-------------------------------------------------------------------------|
 81. |        GUELPH_AND_DISTRICT                             Guelph         8 |
 82. |        GUELPH_AND_DISTRICT                             Guelph         8 |
 83. |        GUELPH_AND_DISTRICT                             Guelph         8 |
 84. |        GUELPH_AND_DISTRICT                             Guelph         8 |
 85. |        GUELPH_AND_DISTRICT                             Guelph         8 |
 86. |        GUELPH_AND_DISTRICT                             Guelph         8 |
 87. |        GUELPH_AND_DISTRICT                             Guelph         8 |
 88. |        GUELPH_AND_DISTRICT                             Guelph         8 |
     |-------------------------------------------------------------------------|
 89. |          HALIFAX_DARTMOUTH                            Halifax         8 |
 90. |          HALIFAX_DARTMOUTH                            Halifax         8 |
 91. |          HALIFAX_DARTMOUTH                            Halifax         8 |
 92. |          HALIFAX_DARTMOUTH                            Halifax         8 |
 93. |          HALIFAX_DARTMOUTH                            Halifax         8 |
 94. |          HALIFAX_DARTMOUTH                            Halifax         8 |
 95. |          HALIFAX_DARTMOUTH                            Halifax         8 |
 96. |          HALIFAX_DARTMOUTH                            Halifax         8 |
     |-------------------------------------------------------------------------|
 97. |        HAMILTON_BURLINGTON                           Hamilton         8 |
 98. |        HAMILTON_BURLINGTON                           Hamilton         8 |
 99. |        HAMILTON_BURLINGTON                           Hamilton         8 |
100. |        HAMILTON_BURLINGTON                           Hamilton         8 |
101. |        HAMILTON_BURLINGTON                           Hamilton         8 |
102. |        HAMILTON_BURLINGTON                           Hamilton         8 |
103. |        HAMILTON_BURLINGTON                           Hamilton         8 |
104. |        HAMILTON_BURLINGTON                           Hamilton         8 |
     |-------------------------------------------------------------------------|
105. |          KINGSTON_AND_AREA                           Kingston         8 |
106. |          KINGSTON_AND_AREA                           Kingston         8 |
107. |          KINGSTON_AND_AREA                           Kingston         8 |
108. |          KINGSTON_AND_AREA                           Kingston         8 |
109. |          KINGSTON_AND_AREA                           Kingston         8 |
110. |          KINGSTON_AND_AREA                           Kingston         8 |
111. |          KINGSTON_AND_AREA                           Kingston         8 |
112. |          KINGSTON_AND_AREA                           Kingston         8 |
     |-------------------------------------------------------------------------|
113. |         KITCHENER_WATERLOO   Kitchener - Cambridge - Waterloo         8 |
114. |         KITCHENER_WATERLOO   Kitchener - Cambridge - Waterloo         8 |
115. |         KITCHENER_WATERLOO   Kitchener - Cambridge - Waterloo         8 |
116. |         KITCHENER_WATERLOO   Kitchener - Cambridge - Waterloo         8 |
117. |         KITCHENER_WATERLOO   Kitchener - Cambridge - Waterloo         8 |
118. |         KITCHENER_WATERLOO   Kitchener - Cambridge - Waterloo         8 |
119. |         KITCHENER_WATERLOO   Kitchener - Cambridge - Waterloo         8 |
120. |         KITCHENER_WATERLOO   Kitchener - Cambridge - Waterloo         8 |
     |-------------------------------------------------------------------------|
121. |           LONDON_ST_THOMAS                             London         8 |
122. |           LONDON_ST_THOMAS                             London         8 |
123. |           LONDON_ST_THOMAS                             London         8 |
124. |           LONDON_ST_THOMAS                             London         8 |
125. |           LONDON_ST_THOMAS                             London         8 |
126. |           LONDON_ST_THOMAS                             London         8 |
127. |           LONDON_ST_THOMAS                             London         8 |
128. |           LONDON_ST_THOMAS                             London         8 |
     |-------------------------------------------------------------------------|
129. |                   MAURICIE                     Trois-Rivières         8 |
130. |                   MAURICIE                     Trois-Rivières         8 |
131. |                   MAURICIE                     Trois-Rivières         8 |
132. |                   MAURICIE                     Trois-Rivières         8 |
133. |                   MAURICIE                     Trois-Rivières         8 |
134. |                   MAURICIE                     Trois-Rivières         8 |
135. |                   MAURICIE                     Trois-Rivières         8 |
136. |                   MAURICIE                     Trois-Rivières         8 |
     |-------------------------------------------------------------------------|
137. |               MONTREAL_CMA                           Montréal         8 |
138. |               MONTREAL_CMA                           Montréal         8 |
139. |               MONTREAL_CMA                           Montréal         8 |
140. |               MONTREAL_CMA                           Montréal         8 |
141. |               MONTREAL_CMA                           Montréal         8 |
142. |               MONTREAL_CMA                           Montréal         8 |
143. |               MONTREAL_CMA                           Montréal         8 |
144. |               MONTREAL_CMA                           Montréal         8 |
     |-------------------------------------------------------------------------|
145. |             NIAGARA_REGION           St. Catharines - Niagara         8 |
146. |             NIAGARA_REGION           St. Catharines - Niagara         8 |
147. |             NIAGARA_REGION           St. Catharines - Niagara         8 |
148. |             NIAGARA_REGION           St. Catharines - Niagara         8 |
149. |             NIAGARA_REGION           St. Catharines - Niagara         8 |
150. |             NIAGARA_REGION           St. Catharines - Niagara         8 |
151. |             NIAGARA_REGION           St. Catharines - Niagara         8 |
152. |             NIAGARA_REGION           St. Catharines - Niagara         8 |
     |-------------------------------------------------------------------------|
153. |                     OTTAWA                  Ottawa - Gatineau         8 |
154. |                     OTTAWA                  Ottawa - Gatineau         8 |
155. |                     OTTAWA                  Ottawa - Gatineau         8 |
156. |                     OTTAWA                  Ottawa - Gatineau         8 |
157. |                     OTTAWA                  Ottawa - Gatineau         8 |
158. |                     OTTAWA                  Ottawa - Gatineau         8 |
159. |                     OTTAWA                  Ottawa - Gatineau         8 |
160. |                     OTTAWA                  Ottawa - Gatineau         8 |
     |-------------------------------------------------------------------------|
161. | PETERBOROUGH_AND_KAWARTHAS                       Peterborough         8 |
162. | PETERBOROUGH_AND_KAWARTHAS                       Peterborough         8 |
163. | PETERBOROUGH_AND_KAWARTHAS                       Peterborough         8 |
164. | PETERBOROUGH_AND_KAWARTHAS                       Peterborough         8 |
165. | PETERBOROUGH_AND_KAWARTHAS                       Peterborough         8 |
166. | PETERBOROUGH_AND_KAWARTHAS                       Peterborough         8 |
167. | PETERBOROUGH_AND_KAWARTHAS                       Peterborough         8 |
168. | PETERBOROUGH_AND_KAWARTHAS                       Peterborough         8 |
     |-------------------------------------------------------------------------|
169. |                 QUEBEC_CMA                             Québec         8 |
170. |                 QUEBEC_CMA                             Québec         8 |
171. |                 QUEBEC_CMA                             Québec         8 |
172. |                 QUEBEC_CMA                             Québec         8 |
173. |                 QUEBEC_CMA                             Québec         8 |
174. |                 QUEBEC_CMA                             Québec         8 |
175. |                 QUEBEC_CMA                             Québec         8 |
176. |                 QUEBEC_CMA                             Québec         8 |
     |-------------------------------------------------------------------------|
177. |        QUINTE_AND_DISTRICT           Belleville - Quinte West         8 |
178. |        QUINTE_AND_DISTRICT           Belleville - Quinte West         8 |
179. |        QUINTE_AND_DISTRICT           Belleville - Quinte West         8 |
180. |        QUINTE_AND_DISTRICT           Belleville - Quinte West         8 |
181. |        QUINTE_AND_DISTRICT           Belleville - Quinte West         8 |
182. |        QUINTE_AND_DISTRICT           Belleville - Quinte West         8 |
183. |        QUINTE_AND_DISTRICT           Belleville - Quinte West         8 |
184. |        QUINTE_AND_DISTRICT           Belleville - Quinte West         8 |
     |-------------------------------------------------------------------------|
185. |                     REGINA                             Regina         8 |
186. |                     REGINA                             Regina         8 |
187. |                     REGINA                             Regina         8 |
188. |                     REGINA                             Regina         8 |
189. |                     REGINA                             Regina         8 |
190. |                     REGINA                             Regina         8 |
191. |                     REGINA                             Regina         8 |
192. |                     REGINA                             Regina         8 |
     |-------------------------------------------------------------------------|
193. |              SAINT_JOHN_NB                         Saint John         8 |
194. |              SAINT_JOHN_NB                         Saint John         8 |
195. |              SAINT_JOHN_NB                         Saint John         8 |
196. |              SAINT_JOHN_NB                         Saint John         8 |
197. |              SAINT_JOHN_NB                         Saint John         8 |
198. |              SAINT_JOHN_NB                         Saint John         8 |
199. |              SAINT_JOHN_NB                         Saint John         8 |
200. |              SAINT_JOHN_NB                         Saint John         8 |
     |-------------------------------------------------------------------------|
201. |                  SASKATOON                          Saskatoon         8 |
202. |                  SASKATOON                          Saskatoon         8 |
203. |                  SASKATOON                          Saskatoon         8 |
204. |                  SASKATOON                          Saskatoon         8 |
205. |                  SASKATOON                          Saskatoon         8 |
206. |                  SASKATOON                          Saskatoon         8 |
207. |                  SASKATOON                          Saskatoon         8 |
208. |                  SASKATOON                          Saskatoon         8 |
     |-------------------------------------------------------------------------|
209. |                ST_JOHNS_NL                         St. John's         8 |
210. |                ST_JOHNS_NL                         St. John's         8 |
211. |                ST_JOHNS_NL                         St. John's         8 |
212. |                ST_JOHNS_NL                         St. John's         8 |
213. |                ST_JOHNS_NL                         St. John's         8 |
214. |                ST_JOHNS_NL                         St. John's         8 |
215. |                ST_JOHNS_NL                         St. John's         8 |
216. |                ST_JOHNS_NL                         St. John's         8 |
     |-------------------------------------------------------------------------|
217. |                    SUDBURY    Greater Sudbury / Grand Sudbury         8 |
218. |                    SUDBURY    Greater Sudbury / Grand Sudbury         8 |
219. |                    SUDBURY    Greater Sudbury / Grand Sudbury         8 |
220. |                    SUDBURY    Greater Sudbury / Grand Sudbury         8 |
221. |                    SUDBURY    Greater Sudbury / Grand Sudbury         8 |
222. |                    SUDBURY    Greater Sudbury / Grand Sudbury         8 |
223. |                    SUDBURY    Greater Sudbury / Grand Sudbury         8 |
224. |                    SUDBURY    Greater Sudbury / Grand Sudbury         8 |
     |-------------------------------------------------------------------------|
225. |                   VICTORIA                           Victoria         8 |
226. |                   VICTORIA                           Victoria         8 |
227. |                   VICTORIA                           Victoria         8 |
228. |                   VICTORIA                           Victoria         8 |
229. |                   VICTORIA                           Victoria         8 |
230. |                   VICTORIA                           Victoria         8 |
231. |                   VICTORIA                           Victoria         8 |
232. |                   VICTORIA                           Victoria         8 |
     |-------------------------------------------------------------------------|
233. |              WINDSOR_ESSEX                            Windsor         8 |
234. |              WINDSOR_ESSEX                            Windsor         8 |
235. |              WINDSOR_ESSEX                            Windsor         8 |
236. |              WINDSOR_ESSEX                            Windsor         8 |
237. |              WINDSOR_ESSEX                            Windsor         8 |
238. |              WINDSOR_ESSEX                            Windsor         8 |
239. |              WINDSOR_ESSEX                            Windsor         8 |
240. |              WINDSOR_ESSEX                            Windsor         8 |
     |-------------------------------------------------------------------------|
241. |                   WINNIPEG                           Winnipeg         8 |
242. |                   WINNIPEG                           Winnipeg         8 |
243. |                   WINNIPEG                           Winnipeg         8 |
244. |                   WINNIPEG                           Winnipeg         8 |
245. |                   WINNIPEG                           Winnipeg         8 |
246. |                   WINNIPEG                           Winnipeg         8 |
247. |                   WINNIPEG                           Winnipeg         8 |
248. |                   WINNIPEG                           Winnipeg         8 |
     +-------------------------------------------------------------------------+

. drop n_years

. 
. * Panel identifier
. gen ln_benchmark_price = ln(benchmark_price)

. capture label drop market_id

. egen market_id = group(cma_name province), label(market_id, replace)

. xtset market_id year

Panel variable: market_id (strongly balanced)
 Time variable: year, 2016 to 2023
         Delta: 1 unit

. xtdescribe

market_id:  1, 2, ..., 31                                    n =         31
    year:  2016, 2017, ..., 2023                             T =          8
           Delta(year) = 1 unit
           Span(year)  = 8 periods
           (market_id*year uniquely identifies each observation)

Distribution of T_i:   min      5%     25%       50%       75%     95%     max
                         8       8       8         8         8       8       8

     Freq.  Percent    Cum. |  Pattern
 ---------------------------+----------
       31    100.00  100.00 |  11111111
 ---------------------------+----------
       31    100.00         |  XXXXXXXX

. 
. order crea_market cma_name province year benchmark_price ln_benchmark_price ///
>       match_tier match_quality match_method keep_baseline principal_city ///
>       notes market_id

. sort cma_name year

. 
. save "$clean/hpi_cma_clean_Tran.dta", replace
file C:\Users\Dell\OneDrive - Wilfrid Laurier University\Spring - 2026\EC 481\Term
    paper\Tran_EC481_submission\code_Tran\data/clean/hpi_cma_clean_Tran.dta saved

. 
end of do-file

. do "$dofiles/04_composite_hpi.do"      // Household-weighted composite HPI for multi-board 
> CMAs

. *==============================================================================
. * 04_composite_hpi.do  --  Household-weighted composite HPI for multi-board CMAs
. *------------------------------------------------------------------------------
. * Method (Progress Meeting 2 direction)
. *   Some baseline CMAs are served by more than one CREA board whose footprints
. *   partially overlap the CMA (Toronto, Vancouver, Kitchener-Cambridge-Waterloo,
. *   Barrie). A single board misses part of the CMA; a plain average over-weights
. *   small boards. Build a household-weighted composite:
. *
. *       HPI_ct = sum over b in c of  w_bc * HPI_bt,      sum(w_bc) = 1
. *
. *   w_bc = share of CMA c's occupied private dwellings inside board b's
. *   footprint (proxy for households). Weights live in household_weights.xlsx,
. *   documented in crosswalk_key_Tran.xlsx (sheet Composite_Weights).
. *
. * Inputs
. *   $dofiles/household_weights.xlsx   (cma_name, crea_market, weight)
. *   $clean/hpi_annual_clean_Tran.dta
. * Output
. *   $clean/hpi_composite_by_cma_Tran.dta   (one row per multi-board CMA-year)
. *
. * Fallback
. *   If household_weights.xlsx is missing, exit quietly and let the baseline
. *   one-board-per-CMA sample stand. Re-run after adding the file to fold in
. *   composite HPI.
. *
. * CAVEAT
. *   Composite weights are APPROXIMATE (public board-coverage pages + 2021
. *   census dwelling counts), pending CREA's official boundary shapefile.
. *==============================================================================
. 
. capture confirm file "$dofiles/household_weights.xlsx"

. if _rc {
.     display as text ""
.     display as text "*****************************************************"
.     display as text "  Skipping composite HPI: household_weights.xlsx not found"
.     display as text "  in $dofiles. Baseline uses one board per CMA."
.     display as text "*****************************************************"
.     display as text ""
.     exit 0
. }

. 
. * -------------------------- Load weights ------------------------------------
. import excel "$dofiles/household_weights.xlsx", firstrow clear
(3 vars, 9 obs)

. rename *, lower
  (all newnames==oldnames)

. 
. keep cma_name crea_market weight

. foreach v in cma_name crea_market {
  2.     replace `v' = strtrim(itrim(`v'))
  3. }
(0 real changes made)
(0 real changes made)

. destring weight, replace force
weight already numeric; no replace

. drop if missing(cma_name, crea_market, weight)
(0 observations deleted)

. 
. * Sanity: weights sum to 1 within each CMA
. bysort cma_name: egen wsum = total(weight)

. assert abs(wsum - 1) < 0.01

. drop wsum

. 
. tempfile weights

. save `weights', replace
(file C:\Users\Dell\AppData\Local\Temp\ST_2828_000001.tmp not found)
file C:\Users\Dell\AppData\Local\Temp\ST_2828_000001.tmp saved as .dta format

. 
. * -------------------------- Merge weights with HPI --------------------------
. use "$clean/hpi_annual_clean_Tran.dta", clear

. replace crea_market = strtrim(itrim(crea_market))
(0 real changes made)

. 
. merge m:1 crea_market using `weights'

    Result                      Number of obs
    -----------------------------------------
    Not matched                           408
        from master                       408  (_merge==1)
        from using                          0  (_merge==2)

    Matched                                72  (_merge==3)
    -----------------------------------------

. * _merge==2 => a weight row whose board has no HPI series; report and drop
. list crea_market cma_name weight if _merge == 2

. keep if _merge == 3
(408 observations deleted)

. drop _merge

. 
. * Weighted composite
. gen weighted_price = weight * benchmark_price

. collapse (sum) benchmark_price_composite = weighted_price, by(cma_name year)

. 
. label var benchmark_price_composite "Household-weighted composite HPI benchmark price"

. 
. * Diagnostic: composite should sit between the min and max board price it blends
. sort cma_name year

. list cma_name year benchmark_price_composite if inlist(year,2016,2021,2023), sepby(cma_name
> )

     +----------------------------------------------------+
     |                         cma_name   year   benchm~e |
     |----------------------------------------------------|
  1. |                           Barrie   2016     377428 |
  6. |                           Barrie   2021     715332 |
  8. |                           Barrie   2023     747304 |
     |----------------------------------------------------|
  9. | Kitchener - Cambridge - Waterloo   2016     355168 |
 14. | Kitchener - Cambridge - Waterloo   2021     738868 |
 16. | Kitchener - Cambridge - Waterloo   2023     743880 |
     |----------------------------------------------------|
 17. |                          Toronto   2016     692088 |
 22. |                          Toronto   2021    1048874 |
 24. |                          Toronto   2023    1097776 |
     |----------------------------------------------------|
 25. |                        Vancouver   2016     934856 |
 30. |                        Vancouver   2021    1055700 |
 32. |                        Vancouver   2023    1150840 |
     +----------------------------------------------------+

. 
. save "$clean/hpi_composite_by_cma_Tran.dta", replace
file C:\Users\Dell\OneDrive - Wilfrid Laurier University\Spring - 2026\EC 481\Term
    paper\Tran_EC481_submission\code_Tran\data/clean/hpi_composite_by_cma_Tran.dta saved

. 
. display as text ""


. display as text "Composite HPI written for multi-board CMAs."
Composite HPI written for multi-board CMAs.

. display as text ""


. 
end of do-file

. do "$dofiles/04b_expand_sample.do"     // Append 5 CMA proxies -> 36-CMA panel

. *==============================================================================
. * 04b_expand_sample.do  --  Append 5 CMA proxy markets to reach the 36-CMA sample
. *------------------------------------------------------------------------------
. * Method (Progress Meeting 2 fallback #2)
. *   Attach CMAs/CAs that have no exact-name CREA board to a proxy board, each
. *   carrying a match_quality dummy so the reader sees the match is imperfect.
. *   Two proxy types (CMA-only build; census agglomerations are excluded):
. *     - proxy_multi_cma      : board covers the CMA plus other territory; the
. *                              CMA is the dominant/anchor market (weight ~ 1).
. *     - proxy_shared_hpi     : one board HPI serves two CMAs (Kelowna, Kamloops
. *                              both use INTERIOR_BC). Distinct income/pop but
. *                              SAME price series -> pool into one board cluster.
. *
. *   NOTE ON SAMPLE DEFINITION: an earlier build appended 3 census agglomerations
. *   (Kawartha Lakes, North Bay, Sault Ste. Marie). They are DROPPED here so the
. *   unit of analysis is a single consistent type (CMA). The result is a clean
. *   36-CMA sample = 31 baseline CMAs + 5 CMA proxies. This covers 36 of Canada's
. *   41 CMAs; the 5 omitted (Oshawa, Saguenay, Lethbridge, Thunder Bay, Red Deer)
. *   have no separable CREA board series and cannot be built without contaminating
. *   an existing series (Oshawa shares Toronto's TRREB board) or fabricating data.
. *
. * This file builds a SEPARATE expanded HPI panel. It does NOT overwrite the
. * 31-market baseline. 07_build_panel.do reads whichever it is told to.
. *
. * Inputs
. *   $dofiles/crosswalk_key_Tran.xlsx   (sheet Expansion_Markets)
. *   $clean/hpi_annual_clean_Tran.dta
. *   $clean/hpi_cma_clean_Tran.dta      (baseline 31-market HPI panel)
. * Output
. *   $clean/hpi_cma_expanded_Tran.dta   (36-CMA HPI panel + match_quality)
. *
. * Fallback
. *   If the proxy board's HPI series is not in hpi_annual_clean (i.e. that
. *   worksheet is absent from crea_hpi_Tran.xlsx), that market is skipped with
. *   a note and the sample lands below 36. Nothing is fabricated.
. *==============================================================================
. 
. capture confirm file "$dofiles/crosswalk_key_Tran.xlsx"

. if _rc {
.     display as error "crosswalk_key_Tran.xlsx not found in $dofiles. Skipping expansion."
.     exit 0
. }

. 
. * -------------------------- Load expansion map ------------------------------
. import excel "$dofiles/crosswalk_key_Tran.xlsx", ///
>     sheet("Expansion_Markets") firstrow clear
(8 vars, 5 obs)

. rename *, lower
  (all newnames==oldnames)

. 
. keep crea_board matched_market market_type province match_method match_quality

. foreach v in crea_board matched_market market_type province match_method match_quality {
  2.     replace `v' = strtrim(itrim(`v'))
  3. }
(0 real changes made)
(0 real changes made)
(0 real changes made)
(0 real changes made)
(0 real changes made)
(0 real changes made)

. drop if missing(crea_board, matched_market)
(0 observations deleted)

. 
. * -------------------------- CMA-only enforcement ----------------------------
. * This build is a CLEAN CMA sample. Drop any census agglomeration (CA) rows so
. * the unit of analysis is a single consistent type. The crosswalk key should
. * already contain only CMA rows, but this guard makes the intent explicit and
. * stops a stray CA from silently entering the panel.
. count if upper(market_type) == "CA"
  0

. if r(N) > 0 {
.     display as text "Dropping `r(N)' census-agglomeration row(s) to keep a CMA-only sample.
> "
.     drop if upper(market_type) == "CA"
. }

. capture assert upper(market_type) == "CMA"

. if _rc {
.     display as error "Non-CMA market_type remains after filter; inspect crosswalk_key_Tran.
> xlsx."
.     exit 459
. }

. 
. * Board clustering label: markets sharing a board share a cluster
. gen board_cluster = crea_board

. 
. tempfile expmap

. save `expmap', replace
(file C:\Users\Dell\AppData\Local\Temp\ST_2828_000001.tmp not found)
file C:\Users\Dell\AppData\Local\Temp\ST_2828_000001.tmp saved as .dta format

. 
. * -------------------------- Attach proxy HPI --------------------------------
. * One board can map to more than one market (INTERIOR_BC -> Kelowna AND Kamloops),
. * so crea_board is not unique in the expansion map. joinby duplicates each
. * board's HPI rows across every market that maps to it -- exactly what we want.
. * First, report any expansion board that has NO HPI series in the workbook.
. use "$clean/hpi_annual_clean_Tran.dta", clear

. replace crea_market = strtrim(itrim(crea_market))
(0 real changes made)

. rename crea_market crea_board

. keep crea_board

. duplicates drop

Duplicates in terms of all variables

(420 observations deleted)

. merge 1:m crea_board using `expmap'

    Result                      Number of obs
    -----------------------------------------
    Not matched                            56
        from master                        56  (_merge==1)
        from using                          0  (_merge==2)

    Matched                                 5  (_merge==3)
    -----------------------------------------

. levelsof crea_board if _merge == 2, local(missingboards)


. foreach b of local missingboards {
  2.     display as error "Expansion board `b' has no HPI series in crea_hpi_Tran.xlsx; marke
> t skipped."
  3. }

. drop _merge

. 
. * Now do the actual HPI attach via joinby (many HPI year-rows x market rows)
. use "$clean/hpi_annual_clean_Tran.dta", clear

. replace crea_market = strtrim(itrim(crea_market))
(0 real changes made)

. rename crea_market crea_board

. 
. joinby crea_board using `expmap'

. 
. keep if inrange(year, 2016, 2023)
(0 observations deleted)

. 
. rename matched_market cma_name

. gen ln_benchmark_price = ln(benchmark_price)

. 
. keep crea_board cma_name market_type province match_method match_quality ///
>      board_cluster year benchmark_price ln_benchmark_price

. order crea_board cma_name market_type province match_quality board_cluster ///
>       year benchmark_price ln_benchmark_price

. sort cma_name year

. 
. * Sanity: each expansion market should have exactly the panel years present
. bysort cma_name: gen _nyr = _N

. tab cma_name _nyr

                     |    _nyr
      matched_market |         8 |     Total
---------------------+-----------+----------
Abbotsford - Mission |         8 |         8 
       Drummondville |         8 |         8 
            Kamloops |         8 |         8 
             Kelowna |         8 |         8 
             Nanaimo |         8 |         8 
---------------------+-----------+----------
               Total |        40 |        40 

. drop _nyr

. 
. tempfile expansion_hpi

. save `expansion_hpi', replace
(file C:\Users\Dell\AppData\Local\Temp\ST_2828_000002.tmp not found)
file C:\Users\Dell\AppData\Local\Temp\ST_2828_000002.tmp saved as .dta format

. 
. * -------------------------- Stack onto baseline -----------------------------
. use "$clean/hpi_cma_clean_Tran.dta", clear

. 
. * Baseline markets are exact/PIP/manual: tag them and set board_cluster = market
. capture confirm variable match_quality

. if _rc gen match_quality = "baseline"

. gen market_type = "CMA"

. replace market_type = "CMA" if missing(market_type)
(0 real changes made)

. gen board_cluster = cma_name          // baseline markets each their own cluster

. capture gen crea_board = crea_market

. 
. append using `expansion_hpi'
(variable crea_board was str26, now str31 to accommodate using data's values)
(variable match_quality was str13, now str16 to accommodate using data's values)
(variable match_method was str27, now str30 to accommodate using data's values)

. 
. * Re-number market and cluster ids over the combined panel
. capture drop market_id

. capture drop cluster_id

. capture label drop market_id

. capture label drop cluster_id

. egen market_id  = group(cma_name),      label(market_id,  replace)

. egen cluster_id = group(board_cluster), label(cluster_id, replace)

. 
. * Diagnostics
. egen tag_m = tag(market_id)

. egen tag_c = tag(cluster_id)

. count if tag_m == 1
  36

. display as text "Total markets:  " r(N)
Total markets:  36

. count if tag_c == 1
  35

. display as text "Total clusters: " r(N)
Total clusters: 35

. tab match_quality if tag_m == 1

   match_quality |      Freq.     Percent        Cum.
-----------------+-----------------------------------
      exact_name |          7       19.44       19.44
   manual_anchor |          5       13.89       33.33
   pip_confirmed |         19       52.78       86.11
 proxy_multi_cma |          3        8.33       94.44
proxy_shared_hpi |          2        5.56      100.00
-----------------+-----------------------------------
           Total |         36      100.00

. drop tag_m tag_c

. 
. * -------------------------- Tier-0 data-integrity checks --------------------
. * These stop the pipeline loudly if the expanded panel is malformed, rather
. * than letting a silent artifact flow into the regressions.
. * (1) Balanced panel: every market must have exactly 8 years (2016-2023).
. bysort market_id (year): gen _nyr = _N

. capture assert _nyr == 8

. if _rc {
.     display as error "*** UNBALANCED PANEL: some market != 8 years. Inspect below. ***"
.     tab cma_name if _nyr != 8
.     drop _nyr
.     exit 459
. }

. drop _nyr

. * (2) No missing or non-positive benchmark prices.
. capture assert !missing(benchmark_price) & benchmark_price > 0

. if _rc {
.     display as error "*** BAD HPI VALUES (missing or non-positive). Inspect below. ***"
.     list cma_name year benchmark_price if missing(benchmark_price) | benchmark_price <= 0
.     exit 459
. }

. * (3) Kelowna & Kamloops must carry the identical INTERIOR_BC series (shared HPI).
. *     For each year, the two markets' benchmark prices should match exactly.
. preserve

.     keep if inlist(cma_name, "Kelowna", "Kamloops")
(272 observations deleted)

.     collapse (max) bmax = benchmark_price (min) bmin = benchmark_price, by(year)

.     capture assert reldif(bmax, bmin) < 1e-6

.     if _rc {
.         display as error "*** Kelowna/Kamloops HPI not identical -- shared-board attach fai
> led. ***"
.         list year bmin bmax
.         exit 459
.     }

. restore

. display as text "Data-integrity checks passed: 36 CMAs, balanced, clean HPI."
Data-integrity checks passed: 36 CMAs, balanced, clean HPI.

. 
. xtset market_id year

Panel variable: market_id (strongly balanced)
 Time variable: year, 2016 to 2023
         Delta: 1 unit

. save "$clean/hpi_cma_expanded_Tran.dta", replace
file C:\Users\Dell\OneDrive - Wilfrid Laurier University\Spring - 2026\EC 481\Term
    paper\Tran_EC481_submission\code_Tran\data/clean/hpi_cma_expanded_Tran.dta saved

. 
. display as text ""


. display as text "Expanded HPI panel saved: hpi_cma_expanded_Tran.dta"
Expanded HPI panel saved: hpi_cma_expanded_Tran.dta

. display as text "Kelowna and Kamloops share INTERIOR_BC -> one cluster."
Kelowna and Kamloops share INTERIOR_BC -> one cluster.

. display as text ""


. 
end of do-file

. do "$dofiles/05_clean_income.do"       // T1FF median census-family income by CMA

. *==============================================================================
. * 05_clean_income.do  --  T1FF median census-family income by CMA
. *------------------------------------------------------------------------------
. * Input : $raw/t1ff_income_Tran.csv  (StatCan Table 11-10-0017-01 export)
. *         $clean/hpi_cma_clean_Tran.dta   (target CMA list)
. * Output: $clean/income_cma_clean_Tran.dta
. *==============================================================================
. 
. * -------------------------- Build target CMA-key list -----------------------
. * Use the widest HPI panel available so income is kept for ALL markets, baseline (31) or ex
> panded (36). Without this, expansion markets' income is filtered out and the expanded panel
>  collapses back to 31 at the merge.
. capture confirm file "$clean/hpi_cma_expanded_Tran.dta"

. if !_rc {
.     use "$clean/hpi_cma_expanded_Tran.dta", clear
. }

. else {
.     use "$clean/hpi_cma_clean_Tran.dta", clear
. }

. capture drop cma_key

. gen cma_key = cma_name

. 
. * Normalization: lowercase, replace punctuation with spaces, strip accents
. replace cma_key = ustrlower(cma_key)
(288 real changes made)

. replace cma_key = subinstr(cma_key, "_", " ", .)
(0 real changes made)

. replace cma_key = subinstr(cma_key, "-", " ", .)
(48 real changes made)

. replace cma_key = subinstr(cma_key, "–", " ", .)
(0 real changes made)

. replace cma_key = subinstr(cma_key, "/", " ", .)
(8 real changes made)

. replace cma_key = subinstr(cma_key, ".", " ", .)
(16 real changes made)

. replace cma_key = subinstr(cma_key, "'", " ", .)
(8 real changes made)

. replace cma_key = subinstr(cma_key, "é", "e", .)
(16 real changes made)

. replace cma_key = subinstr(cma_key, "è", "e", .)
(8 real changes made)

. replace cma_key = subinstr(cma_key, "ê", "e", .)
(0 real changes made)

. replace cma_key = subinstr(cma_key, "ë", "e", .)
(0 real changes made)

. replace cma_key = subinstr(cma_key, "à", "a", .)
(0 real changes made)

. replace cma_key = subinstr(cma_key, "â", "a", .)
(0 real changes made)

. replace cma_key = subinstr(cma_key, "ô", "o", .)
(0 real changes made)

. replace cma_key = subinstr(cma_key, "î", "i", .)
(0 real changes made)

. replace cma_key = subinstr(cma_key, "ï", "i", .)
(0 real changes made)

. replace cma_key = subinstr(cma_key, "ç", "c", .)
(0 real changes made)

. replace cma_key = strtrim(itrim(cma_key))
(56 real changes made)

. 
. * Manual: crosswalk uses "Greater Sudbury / Grand Sudbury"; T1FF uses "Greater Sudbury"
. replace cma_key = "greater sudbury" if cma_key == "greater sudbury grand sudbury"
(8 real changes made)

. 
. keep cma_key

. duplicates drop

Duplicates in terms of all variables

(252 observations deleted)

. sort cma_key

. 
. tempfile target_cmas

. save `target_cmas', replace
(file C:\Users\Dell\AppData\Local\Temp\ST_2828_000001.tmp not found)
file C:\Users\Dell\AppData\Local\Temp\ST_2828_000001.tmp saved as .dta format

. 
. * -------------------------- Import T1FF -------------------------------------
. * Prefer the full StatCan export if present; otherwise fall back to the slim
. * extract bundled with this package (same rows the pipeline reads, ~0.3 MB).
. local t1ff_full "$raw/t1ff_income_Tran.csv"

. local t1ff_slim "$raw/t1ff_income_Tran_slim.csv"

. capture confirm file "`t1ff_full'"

. if !_rc {
.     local t1ff_use "`t1ff_full'"
.     display as text "Using full T1FF file: `t1ff_full'"
Using full T1FF file: C:\Users\Dell\OneDrive - Wilfrid Laurier University\Spring - 2026\EC 48
> 1\Term paper\Tran_EC481_submission\code_Tran\data/raw/t1ff_income_Tran.csv
. }

. else {
.     capture confirm file "`t1ff_slim'"
.     if !_rc {
.         local t1ff_use "`t1ff_slim'"
.         display as text "Full T1FF not found; using bundled slim extract: `t1ff_slim'"
.     }
.     else {
.         display as error "No T1FF income file found in $raw (neither full nor slim)."
.         exit 601
.     }
. }

. import delimited "`t1ff_use'", clear varnames(1) ///
>     bindquote(strict) encoding("utf-8")
(17 vars, 641,067 obs)

. rename *, lower
  (all newnames==oldnames)

. 
. * Standardize field names
. capture confirm variable ref_date

. if !_rc rename ref_date year

. capture confirm variable refdate

. if !_rc rename refdate year

. 
. capture confirm variable value

. if !_rc rename value median_income

. 
. capture confirm variable geo

. if _rc {
.     display as error "ERROR: GEO variable not found."
.     exit 198
. }

. capture confirm variable statistics

. if _rc {
.     display as error "ERROR: Statistics variable not found."
.     exit 198
. }

. 
. * Locate the two dimension columns (varies by StatCan export)
. local famtypevar ""

. local compvar ""

. foreach v in censusfamilytype census_family_type {
  2.     capture confirm variable `v'
  3.     if !_rc local famtypevar `v'
  4. }

. foreach v in familytypecomposition family_type_composition {
  2.     capture confirm variable `v'
  3.     if !_rc local compvar `v'
  4. }

. if "`famtypevar'" == "" | "`compvar'" == "" {
.     display as error "ERROR: Could not locate family-type dimension columns."
.     ds
.     exit 198
. }

. 
. * -------------------------- Keep target income concept ----------------------
. destring year median_income, replace ignore(",") force
year already numeric; no replace
median_income already numeric; no replace

. 
. keep if lower(`famtypevar') == "all census families"
(488,432 observations deleted)

. keep if lower(`compvar')   == "family types with or without children"
(122,108 observations deleted)

. keep if lower(statistics)  == "median before-tax family income"
(26,166 observations deleted)

. 
. * -------------------------- Drop rollups and split parts --------------------
. keep if strpos(geo, ",") > 0                  // require a comma -> CMA/CA rows
(336 observations deleted)

. drop if strpos(lower(geo), " part") > 0       // drop provincial parts of split CMAs
(189 observations deleted)

. drop if strpos(lower(geo), "non cma-ca") > 0
(288 observations deleted)

. drop if strpos(lower(geo), "non cma") > 0
(0 observations deleted)

. 
. * -------------------------- Clean CMA name/key ------------------------------
. gen cma_name_income = geo

. replace cma_name_income = regexs(1) if regexm(cma_name_income, "^([^,]+),")
(3,548 real changes made)

. replace cma_name_income = strtrim(itrim(cma_name_income))
(0 real changes made)

. 
. gen cma_key = cma_name_income

. replace cma_key = ustrlower(cma_key)
(3,548 real changes made)

. replace cma_key = subinstr(cma_key, "_", " ", .)
(0 real changes made)

. replace cma_key = subinstr(cma_key, "-", " ", .)
(459 real changes made)

. replace cma_key = subinstr(cma_key, "–", " ", .)
(0 real changes made)

. replace cma_key = subinstr(cma_key, "/", " ", .)
(0 real changes made)

. replace cma_key = subinstr(cma_key, ".", " ", .)
(96 real changes made)

. replace cma_key = subinstr(cma_key, "'", " ", .)
(48 real changes made)

. replace cma_key = subinstr(cma_key, "é", "e", .)
(48 real changes made)

. replace cma_key = subinstr(cma_key, "è", "e", .)
(48 real changes made)

. replace cma_key = subinstr(cma_key, "ê", "e", .)
(0 real changes made)

. replace cma_key = subinstr(cma_key, "ë", "e", .)
(0 real changes made)

. replace cma_key = subinstr(cma_key, "à", "a", .)
(0 real changes made)

. replace cma_key = subinstr(cma_key, "â", "a", .)
(0 real changes made)

. replace cma_key = subinstr(cma_key, "ô", "o", .)
(0 real changes made)

. replace cma_key = subinstr(cma_key, "î", "i", .)
(24 real changes made)

. replace cma_key = subinstr(cma_key, "ï", "i", .)
(0 real changes made)

. replace cma_key = subinstr(cma_key, "ç", "c", .)
(0 real changes made)

. replace cma_key = strtrim(itrim(cma_key))
(120 real changes made)

. 
. * -------------------------- Restrict to baseline CMAs ----------------------
. merge m:1 cma_key using `target_cmas'
(variable cma_key was str28, now str32 to accommodate using data's values)

    Result                      Number of obs
    -----------------------------------------
    Not matched                         2,684
        from master                     2,684  (_merge==1)
        from using                          0  (_merge==2)

    Matched                               864  (_merge==3)
    -----------------------------------------

. tab _merge

   Matching result from |
                  merge |      Freq.     Percent        Cum.
------------------------+-----------------------------------
        Master only (1) |      2,684       75.65       75.65
            Matched (3) |        864       24.35      100.00
------------------------+-----------------------------------
                  Total |      3,548      100.00

. list cma_key if _merge == 2

. keep if _merge == 3
(2,684 observations deleted)

. drop _merge

. 
. * -------------------------- Finalize ---------------------------------------
. keep if inrange(year, 2016, 2023)
(576 observations deleted)

. keep cma_name_income cma_key year median_income geo

. drop if missing(cma_key, year, median_income)
(0 observations deleted)

. 
. * Diagnose duplicates
. duplicates report cma_key year

Duplicates in terms of cma_key year

--------------------------------------
   Copies | Observations       Surplus
----------+---------------------------
        1 |          288             0
--------------------------------------

. collapse (mean) median_income, by(cma_name_income cma_key year)

. isid cma_key year

. 
. * Sanity: dollars, not thousands
. summ median_income, detail

                    (mean) median_income
-------------------------------------------------------------
      Percentiles      Smallest
 1%        73380          70260
 5%        78120          73250
10%        80920          73380       Obs                 288
25%        86925          75080       Sum of wgt.         288

50%        94975                      Mean           95177.12
                        Largest       Std. dev.       11121.2
75%       102800         121850
90%       109720         122200       Variance       1.24e+08
95%       113660         125660       Skewness       .2676091
99%       122200         131390       Kurtosis       2.687681

. list cma_name_income year median_income if median_income < 1000

. 
. sort cma_key year

. save "$clean/income_cma_clean_Tran.dta", replace
file C:\Users\Dell\OneDrive - Wilfrid Laurier University\Spring - 2026\EC 481\Term
    paper\Tran_EC481_submission\code_Tran\data/clean/income_cma_clean_Tran.dta saved

. 
end of do-file

. do "$dofiles/06_clean_rates.do"        // BoC 5-yr rate + OSFI qualifying rate

. *==============================================================================
. * 06_clean_rates.do  --  BoC 5-yr conventional + OSFI qualifying rate, annual
. *------------------------------------------------------------------------------
. * Input : $raw/boc_5yr_mortgage_Tran.xlsx sheet chartered_bank_interest
. *         (columns: date, V80691335)
. * Output: $clean/mortgage_rate_annual_clean_Tran.dta
. *==============================================================================
. 
. * Pre-check: this raw file is YOUR original BoC/CMHC rate file and must be in
. * $raw before running. It is not bundled (see data/raw/_READ_ME_raw_files.txt).
. capture confirm file "$raw/boc_5yr_mortgage_Tran.xlsx"

. if _rc {
.     display as error " "
.     display as error "*****************************************************"
.     display as error "  MISSING RAW FILE: $raw/boc_5yr_mortgage_Tran.xlsx"
.     display as error "  Copy your Bank of Canada / CMHC 5-year mortgage rate"
.     display as error "  file into the data/raw folder, then re-run 00_master.do."
.     display as error "  (See data/raw/_READ_ME_raw_files.txt for details.)"
.     display as error "*****************************************************"
.     display as error " "
.     exit 601
. }

. 
. import excel "$raw/boc_5yr_mortgage_Tran.xlsx", ///
>     sheet("chartered_bank_interest") firstrow clear allstring
(3 vars, 3,113 obs)

. rename *, lower

. 
. keep date v80691335

. rename v80691335 contract_rate_5yr

. 
. foreach v in date contract_rate_5yr {
  2.     replace `v' = strtrim(itrim(`v'))
  3. }
(430 real changes made)
(0 real changes made)

. drop if missing(date)
(2,591 observations deleted)

. drop if missing(contract_rate_5yr)
(0 observations deleted)

. 
. * Date parsing (MDY primary, YMD fallback)
. gen date_stata = daily(date, "MDY")

. replace date_stata = daily(date, "YMD") if missing(date_stata)
(0 real changes made)

. format date_stata %td

. drop if missing(date_stata)
(0 observations deleted)

. 
. gen year = year(date_stata)

. destring contract_rate_5yr, replace force
contract_rate_5yr: all characters numeric; replaced as double

. drop if missing(contract_rate_5yr)
(0 observations deleted)

. 
. summ contract_rate_5yr, detail

                          V80691335
-------------------------------------------------------------
      Percentiles      Smallest
 1%         4.64           4.64
 5%         4.64           4.64
10%         4.64           4.64       Obs                 522
25%         4.79           4.64       Sum of wgt.         522

50%         5.19                      Mean           5.499674
                        Largest       Std. dev.        .79376
75%         6.49           7.04
90%         6.79           7.04       Variance        .630055
95%         6.84           7.04       Skewness       .5651818
99%         7.04           7.04       Kurtosis       1.769266

. tab year

       year |      Freq.     Percent        Cum.
------------+-----------------------------------
       2016 |         52        9.96        9.96
       2017 |         52        9.96       19.92
       2018 |         52        9.96       29.89
       2019 |         52        9.96       39.85
       2020 |         53       10.15       50.00
       2021 |         52        9.96       59.96
       2022 |         52        9.96       69.92
       2023 |         52        9.96       79.89
       2024 |         52        9.96       89.85
       2025 |         53       10.15      100.00
------------+-----------------------------------
      Total |        522      100.00

. 
. * Weekly Wednesday -> annual average
. keep if inrange(year, 2016, 2023)
(105 observations deleted)

. collapse (mean) contract_rate_5yr, by(year)

. 
. * OSFI qualifying rate: greater of contract + 2 pp or 5.25 %
. gen qual_rate = max(contract_rate_5yr + 2, 5.25)

. 
. label var contract_rate_5yr "BoC posted 5-yr conventional mortgage rate, annual avg (%)"

. label var qual_rate         "Mortgage qualifying rate: max(contract+2pp, 5.25%)"

. 
. list year contract_rate_5yr qual_rate, sep(0)

     +-----------------------------+
     | year   contrac~r   qual_r~e |
     |-----------------------------|
  1. | 2016   4.6573077   6.657308 |
  2. | 2017       4.765      6.765 |
  3. | 2018       5.265      7.265 |
  4. | 2019   5.2707692   7.270769 |
  5. | 2020    4.949434   6.949434 |
  6. | 2021        4.79       6.79 |
  7. | 2022   5.6515385   7.651538 |
  8. | 2023   6.6842308   8.684231 |
     +-----------------------------+

. summ contract_rate_5yr qual_rate

    Variable |        Obs        Mean    Std. dev.       Min        Max
-------------+---------------------------------------------------------
contract_r~r |          8     5.25416    .6662494   4.657308   6.684231
   qual_rate |          8     7.25416    .6662495   6.657308   8.684231

. 
. save "$clean/mortgage_rate_annual_clean_Tran.dta", replace
file C:\Users\Dell\OneDrive - Wilfrid Laurier University\Spring - 2026\EC 481\Term
    paper\Tran_EC481_submission\code_Tran\data/clean/mortgage_rate_annual_clean_Tran.dta
    saved

. 
end of do-file

. do "$dofiles/06b_clean_controls.do"    // Housing starts + population + unemployment (mecha
> nism-check controls)

. *==============================================================================
. * 06b_clean_controls.do  --  Supply/demand controls for the mechanism check
. *------------------------------------------------------------------------------
. * Builds three CMA-by-year control series DIRECTLY FROM THE ORIGINAL DOWNLOADS,
. * writes out a nicely formatted clean CSV for each (so the construction is fully
. * transparent and reproducible), then saves one merged control file.
. *
. * These controls enter ONLY the exploratory mechanism regressions in
. * 09_regressions.do -- never the primary specification -- because they are
. * plausibly post-treatment OUTCOMES of the qualifying rate (bad-controls
. * concern), and because housing starts is unavailable pre-2023 for the six
. * CMAs reclassified under 2021-Census geography (documented below).
. *
. * ORIGINAL DOWNLOADS (inputs, all under $raw/controls):
. *   housing_starts/_original_downloads/34100134.csv
. *        StatCan Table 34-10-0134-01 full data cube (all geographies/years).
. *   housing_starts/_original_downloads/
. *        provincial-starts-completions-dwelling-type-12-2{1,2,3}-en.xlsx
. *        CMHC "Housing Information Monthly", December editions. Table A6-1 gives
. *        cumulative Jan-Dec starts by CMA; column F ("Total" under "Starts").
. *   _original_population_17100148_Tran.csv   StatCan Table 17-10-0148-01.
. *   _original_labour_14100461_Tran.csv       StatCan Table 14-10-0461-01.
. *
. * CLEAN CSVs WRITTEN BY THIS DO-FILE (regenerated every run, never taken as
. * given; provided so the reader can inspect exactly what was extracted):
. *   housing_starts/starts_2016_2020_Tran.csv, starts_2021/2022/2023_Tran.csv
. *   population_clean_Tran.csv, unemp_clean_Tran.csv
. *
. * FINAL OUTPUT: $clean/controls_cma_clean_Tran.dta
. *                 (cma_key year population ln_pop unemp_rate starts_total ln_starts)
. *
. * WHY starts is split across four files, then appended:
. *   StatCan Table 34-10-0134-01 stopped being populated at CMA level after 2022,
. *   so 2023 comes from CMHC's Dec-2023 bulletin; 2016-2020 from StatCan; 2021-2023
. *   from the CMHC December bulletins (same CMHC Starts and Completions Survey).
. *
. * KNOWN, DOCUMENTED coverage gap (not a data error):
. *   Fredericton, Drummondville, Belleville-Quinte West, Kamloops, Chilliwack, and
. *   Nanaimo became CMAs only under 2021-Census geography (Jan 2023); their starts
. *   exist for 2023 only. ln_starts is missing for these six in 2016-2022 (42 of
. *   288 CMA-years); the FE estimator drops those cells from the starts spec only.
. *==============================================================================
. 
. local ctrl "$raw/controls"

. local sdir "`ctrl'/housing_starts"

. local orig "`sdir'/_original_downloads"

. 
. * ---------------------------------------------------------------------------
. * cma_key normalizer (same rule as 05_clean_income.do / 07_build_panel.do), as
. * a program so it is applied identically to every source.
. * ---------------------------------------------------------------------------
. capture program drop _mk_cma_key

. program define _mk_cma_key
  1.     args src
  2.     capture drop cma_key
  3.     gen cma_key = `src'
  4.     replace cma_key = regexs(1) if regexm(cma_key, "^([^,]+),")   // strip ", Province"
  5.     replace cma_key = subinstr(cma_key, "(CMA)", "", .)
  6.     replace cma_key = subinstr(cma_key, "(CA)",  "", .)
  7.     replace cma_key = ustrlower(cma_key)
  8.     foreach ch in "_" "-" "–" "/" "." "'" {
  9.         replace cma_key = subinstr(cma_key, "`ch'", " ", .)
 10.     }
 11.     foreach pair in "é e" "è e" "ê e" "ë e" "à a" "â a" "ô o" "î i" "ï i" "ç c" {
 12.         local a : word 1 of `pair'
 13.         local b : word 2 of `pair'
 14.         replace cma_key = subinstr(cma_key, "`a'", "`b'", .)
 15.     }
 16.     replace cma_key = strtrim(itrim(cma_key))
 17.     replace cma_key = "greater sudbury" if cma_key == "greater sudbury grand sudbury"
 18. end

. 
. * ---------------------------------------------------------------------------
. * Target CMA-key list (the 36 markets in the panel).
. * ---------------------------------------------------------------------------
. capture confirm file "$clean/hpi_cma_expanded_Tran.dta"

. if !_rc  use "$clean/hpi_cma_expanded_Tran.dta", clear

. else     use "$clean/hpi_cma_clean_Tran.dta", clear

. _mk_cma_key cma_name
(0 real changes made)
(0 real changes made)
(0 real changes made)
(288 real changes made)
(0 real changes made)
(48 real changes made)
(0 real changes made)
(8 real changes made)
(16 real changes made)
(8 real changes made)
(16 real changes made)
(8 real changes made)
(0 real changes made)
(0 real changes made)
(0 real changes made)
(0 real changes made)
(0 real changes made)
(0 real changes made)
(0 real changes made)
(0 real changes made)
(56 real changes made)
(8 real changes made)

. keep cma_key

. duplicates drop

Duplicates in terms of all variables

(252 observations deleted)

. sort cma_key

. tempfile target_cmas

. save `target_cmas', replace
(file C:\Users\Dell\AppData\Local\Temp\ST_2828_000001.tmp not found)
file C:\Users\Dell\AppData\Local\Temp\ST_2828_000001.tmp saved as .dta format

. 
. * ==========================================================================
. * (1) HOUSING STARTS
. * ==========================================================================
. 
. * ---- (1a) 2016-2020 from StatCan Table 34-10-0134-01 (original data cube) --
. import delimited "`orig'/34100134.csv", clear varnames(1) bindquote(strict) ///
>     encoding("utf-8")
(16 vars, 30,941 obs)

. rename *, lower
  (all newnames==oldnames)

. capture rename ref_date year

. capture rename housingestimates housing_estimates

. capture rename typeofunit type_of_unit

. capture rename value starts_total

. destring year starts_total, replace ignore(",") force
year already numeric; no replace
starts_total already numeric; no replace

. keep if lower(housing_estimates) == "housing starts"
(20,570 observations deleted)

. keep if lower(type_of_unit)      == "total units"
(8,298 observations deleted)

. drop if lower(geo) == "census metropolitan areas"     // drop national aggregate
(63 observations deleted)

. * Split-geography guard: StatCan's cube reports Ottawa-Gatineau as THREE rows
. * per year -- "Ottawa-Gatineau, Ontario/Quebec" (the combined CMA total) plus
. * "..., Ontario part, Ontario/Quebec" and "..., Quebec part, Ontario/Quebec".
. * All three share the same text before the first comma, so the cma_key
. * normalizer below would otherwise collapse them into duplicate cma_key-year
. * rows (verified: the Ontario-part + Quebec-part values sum exactly to the
. * combined total, e.g. 5,298 + 1,819 = 7,117 for 2016, confirming which row
. * is correct). Drop the two partial rows and keep only the combined CMA total,
. * the same guard 05_clean_income.do already applies for this reason.
. drop if strpos(lower(geo), " part") > 0
(124 observations deleted)

. keep if inrange(year, 2016, 2020)
(1,721 observations deleted)

. _mk_cma_key geo
(165 real changes made)
(0 real changes made)
(0 real changes made)
(165 real changes made)
(0 real changes made)
(25 real changes made)
(0 real changes made)
(0 real changes made)
(10 real changes made)
(5 real changes made)
(10 real changes made)
(5 real changes made)
(0 real changes made)
(0 real changes made)
(0 real changes made)
(0 real changes made)
(0 real changes made)
(0 real changes made)
(0 real changes made)
(0 real changes made)
(10 real changes made)
(0 real changes made)

. merge m:1 cma_key using `target_cmas'

    Result                      Number of obs
    -----------------------------------------
    Not matched                            21
        from master                        15  (_merge==1)
        from using                          6  (_merge==2)

    Matched                               150  (_merge==3)
    -----------------------------------------

. keep if _merge == 3
(21 observations deleted)

. drop _merge

. keep cma_key year starts_total

. gsort cma_key year

. preserve

.     export delimited using "`sdir'/starts_2016_2020_Tran.csv", replace
file C:\Users\Dell\OneDrive - Wilfrid Laurier University\Spring - 2026\EC 481\Term paper\Tran
> _EC481_submission\code_Tran\data/raw/controls/housing_starts/starts_2016_2020_Tran.csv save
> d

. restore

. tempfile s0

. save `s0', replace
(file C:\Users\Dell\AppData\Local\Temp\ST_2828_000003.tmp not found)
file C:\Users\Dell\AppData\Local\Temp\ST_2828_000003.tmp saved as .dta format

. 
. * ---- (1b) 2021-2023 from the CMHC December bulletins (Table A6-1) -----------
. * CMA name in column A, "Starts Total" in column F. Data-row ranges differ by
. * file: Dec-2021 & Dec-2022 = rows 8-44; Dec-2023 = rows 7-49. Import cols A:F
. * by explicit cellrange; keep only A (name) and F (total starts).
. foreach spec in ///
>     "2021 provincial-starts-completions-dwelling-type-12-21-en.xlsx A8:F44" ///
>     "2022 provincial-starts-completions-dwelling-type-12-22-en.xlsx A8:F44" ///
>     "2023 provincial-starts-completions-dwelling-type-12-23-en.xlsx A7:F49" {
  2. 
.     local yr   : word 1 of `spec'
  3.     local file : word 2 of `spec'
  4.     local rng  : word 3 of `spec'
  5. 
.     import excel "`orig'/`file'", sheet("Table A6_1") cellrange(`rng') clear allstring
  6.     keep A F
  7.     rename A geo
  8.     rename F starts_str
  9.     drop if missing(geo)
 10.     drop if inlist(lower(strtrim(geo)), "cma total", "total", "")
 11.     gen year = `yr'
 12.     destring starts_str, gen(starts_total) ignore(",") force
 13.     drop starts_str
 14.     _mk_cma_key geo
 15.     merge m:1 cma_key using `target_cmas'
 16.     keep if _merge == 3
 17.     drop _merge
 18.     keep cma_key year starts_total
 19.     gsort cma_key year
 20.     preserve
 21.         export delimited using "`sdir'/starts_`yr'_Tran.csv", replace
 22.     restore
 23.     append using `s0'
 24.     save `s0', replace
 25. }
(6 vars, 37 obs)
(0 observations deleted)
(0 observations deleted)
starts_str: all characters numeric; starts_total generated as long
(0 real changes made)
(0 real changes made)
(0 real changes made)
(37 real changes made)
(0 real changes made)
(5 real changes made)
(0 real changes made)
(0 real changes made)
(2 real changes made)
(1 real change made)
(2 real changes made)
(1 real change made)
(0 real changes made)
(0 real changes made)
(0 real changes made)
(0 real changes made)
(0 real changes made)
(0 real changes made)
(0 real changes made)
(0 real changes made)
(2 real changes made)
(0 real changes made)
(variable cma_key was str28, now str32 to accommodate using data's values)

    Result                      Number of obs
    -----------------------------------------
    Not matched                            13
        from master                         7  (_merge==1)
        from using                          6  (_merge==2)

    Matched                                30  (_merge==3)
    -----------------------------------------
(13 observations deleted)
file C:\Users\Dell\OneDrive - Wilfrid Laurier University\Spring - 2026\EC 481\Term paper\Tran
> _EC481_submission\code_Tran\data/raw/controls/housing_starts/starts_2021_Tran.csv saved
(variable cma_key was str32, now str37 to accommodate using data's values)
file C:\Users\Dell\AppData\Local\Temp\ST_2828_000003.tmp saved as .dta format
(6 vars, 37 obs)
(0 observations deleted)
(0 observations deleted)
starts_str: all characters numeric; starts_total generated as long
(0 real changes made)
(0 real changes made)
(0 real changes made)
(37 real changes made)
(0 real changes made)
(5 real changes made)
(0 real changes made)
(0 real changes made)
(2 real changes made)
(1 real change made)
(2 real changes made)
(1 real change made)
(0 real changes made)
(0 real changes made)
(0 real changes made)
(0 real changes made)
(0 real changes made)
(0 real changes made)
(0 real changes made)
(0 real changes made)
(2 real changes made)
(0 real changes made)
(variable cma_key was str28, now str32 to accommodate using data's values)

    Result                      Number of obs
    -----------------------------------------
    Not matched                            13
        from master                         7  (_merge==1)
        from using                          6  (_merge==2)

    Matched                                30  (_merge==3)
    -----------------------------------------
(13 observations deleted)
file C:\Users\Dell\OneDrive - Wilfrid Laurier University\Spring - 2026\EC 481\Term paper\Tran
> _EC481_submission\code_Tran\data/raw/controls/housing_starts/starts_2022_Tran.csv saved
(variable cma_key was str32, now str37 to accommodate using data's values)
file C:\Users\Dell\AppData\Local\Temp\ST_2828_000003.tmp saved as .dta format
(6 vars, 43 obs)
(0 observations deleted)
(0 observations deleted)
starts_str: all characters numeric; starts_total generated as long
(0 real changes made)
(0 real changes made)
(0 real changes made)
(43 real changes made)
(0 real changes made)
(6 real changes made)
(0 real changes made)
(0 real changes made)
(2 real changes made)
(1 real change made)
(2 real changes made)
(1 real change made)
(0 real changes made)
(0 real changes made)
(0 real changes made)
(0 real changes made)
(0 real changes made)
(0 real changes made)
(0 real changes made)
(0 real changes made)
(3 real changes made)
(0 real changes made)
(variable cma_key was str28, now str32 to accommodate using data's values)

    Result                      Number of obs
    -----------------------------------------
    Not matched                             7
        from master                         7  (_merge==1)
        from using                          0  (_merge==2)

    Matched                                36  (_merge==3)
    -----------------------------------------
(7 observations deleted)
file C:\Users\Dell\OneDrive - Wilfrid Laurier University\Spring - 2026\EC 481\Term paper\Tran
> _EC481_submission\code_Tran\data/raw/controls/housing_starts/starts_2023_Tran.csv saved
(variable cma_key was str32, now str37 to accommodate using data's values)
file C:\Users\Dell\AppData\Local\Temp\ST_2828_000003.tmp saved as .dta format

. 
. * ---- (1c) finalize starts panel -------------------------------------------
. use `s0', clear

. keep cma_key year starts_total

. drop if missing(cma_key, year)
(0 observations deleted)

. duplicates report cma_key year

Duplicates in terms of cma_key year

--------------------------------------
   Copies | Observations       Surplus
----------+---------------------------
        1 |          246             0
--------------------------------------

. isid cma_key year

. * Accuracy asserts against hand-verified source values.
. count if cma_key == "toronto"   & year == 2016 & starts_total == 39027
  1

. assert r(N) == 1

. count if cma_key == "vancouver" & year == 2023 & starts_total == 33244
  1

. assert r(N) == 1

. count if cma_key == "calgary"   & year == 2022 & starts_total == 17306
  1

. assert r(N) == 1

. count if cma_key == "ottawa gatineau" & year == 2016 & starts_total == 7117
  1

. assert r(N) == 1

. gen double ln_starts = ln(starts_total)

. label var starts_total "Total housing starts (CMHC/StatCan), all dwelling types"

. label var ln_starts    "Log total housing starts"

. keep cma_key year starts_total ln_starts

. sort cma_key year

. tempfile starts_clean

. save `starts_clean', replace
(file C:\Users\Dell\AppData\Local\Temp\ST_2828_000007.tmp not found)
file C:\Users\Dell\AppData\Local\Temp\ST_2828_000007.tmp saved as .dta format

. display as text "Housing starts built from originals: `=_N' CMA-years."
Housing starts built from originals: 246 CMA-years.

. 
. * ==========================================================================
. * (2) POPULATION -- StatCan Table 17-10-0148-01 (original wide export)
. * ==========================================================================
. * Position-based import (Stata cannot name a variable "2016"): import with no
. * header, skip the 11 metadata rows, then map columns 1..9 = geo,2016..2023.
. import delimited "`ctrl'/_original_population_17100148_Tran.csv", clear ///
>     varnames(nonames) rowrange(12) colrange(1:9) bindquote(strict) encoding("utf-8")
(9 vars, 223 obs)

. * v1 = geography; v2..v9 = 2016..2023
. rename v1 geo

. local y = 2016

. forvalues c = 2/9 {
  2.     rename v`c' pop`y'
  3.     local ++y
  4. }

. keep if strpos(geo, "(CMA)") > 0
(180 observations deleted)

. drop if strpos(lower(geo), " part") > 0
(2 observations deleted)

. _mk_cma_key geo
(41 real changes made)
(41 real changes made)
(0 real changes made)
(41 real changes made)
(0 real changes made)
(6 real changes made)
(0 real changes made)
(0 real changes made)
(2 real changes made)
(1 real change made)
(2 real changes made)
(1 real change made)
(0 real changes made)
(0 real changes made)
(0 real changes made)
(0 real changes made)
(0 real changes made)
(0 real changes made)
(0 real changes made)
(0 real changes made)
(41 real changes made)
(0 real changes made)

. merge m:1 cma_key using `target_cmas'

    Result                      Number of obs
    -----------------------------------------
    Not matched                             5
        from master                         5  (_merge==1)
        from using                          0  (_merge==2)

    Matched                                36  (_merge==3)
    -----------------------------------------

. keep if _merge == 3
(5 observations deleted)

. drop _merge

. keep cma_key pop2016-pop2023

. reshape long pop, i(cma_key) j(year)
(j = 2016 2017 2018 2019 2020 2021 2022 2023)

Data                               Wide   ->   Long
-----------------------------------------------------------------------------
Number of observations               36   ->   288         
Number of variables                   9   ->   3           
j variable (8 values)                     ->   year
xij variables:
            pop2016 pop2017 ... pop2023   ->   pop
-----------------------------------------------------------------------------

. rename pop population_str

. destring population_str, gen(population) ignore(",") force
population_str: character , removed; population generated as long

. drop population_str

. drop if missing(cma_key, year, population)
(0 observations deleted)

. isid cma_key year

. gen double ln_pop = ln(population)

. label var population "CMA population estimate, July 1"

. label var ln_pop     "Log CMA population"

. count if cma_key == "toronto" & year == 2023 & population > 6000000
  1

. assert r(N) == 1

. count if cma_key == "ottawa gatineau" & year == 2016 & population == 1407766
  1

. assert r(N) == 1

. gsort cma_key year

. preserve

.     export delimited using "`ctrl'/population_clean_Tran.csv", replace
file C:\Users\Dell\OneDrive - Wilfrid Laurier University\Spring - 2026\EC 481\Term paper\Tran
> _EC481_submission\code_Tran\data/raw/controls/population_clean_Tran.csv saved

. restore

. keep cma_key year population ln_pop

. sort cma_key year

. tempfile pop_clean

. save `pop_clean', replace
(file C:\Users\Dell\AppData\Local\Temp\ST_2828_000009.tmp not found)
file C:\Users\Dell\AppData\Local\Temp\ST_2828_000009.tmp saved as .dta format

. display as text "Population built from original: `=_N' CMA-years."
Population built from original: 288 CMA-years.

. 
. * ==========================================================================
. * (3) UNEMPLOYMENT -- StatCan Table 14-10-0461-01 (original wide export)
. * ==========================================================================
. * Year header row 12; CMA data begin row 14 (row 13 is a "Percent" unit row).
. * Position-based import, columns 1..9 = geo,2016..2023.
. import delimited "`ctrl'/_original_labour_14100461_Tran.csv", clear ///
>     varnames(nonames) rowrange(14) colrange(1:9) bindquote(strict) encoding("utf-8")
(9 vars, 57 obs)

. rename v1 geo

. local y = 2016

. forvalues c = 2/9 {
  2.     rename v`c' un`y'
  3.     local ++y
  4. }

. 
. * Homogenize storage type BEFORE reshape: some year-columns contain the
. * suppressed-cell marker "x" (Chilliwack 2017, Drummondville 2022) and import
. * as string, while columns with no suppression import as numeric. reshape
. * needs one consistent type across un2016-un2023, so destring them all now;
. * "x" becomes missing via force.
. destring un2016-un2023, replace force
un2016: contains nonnumeric characters; replaced as double
(14 missing values generated)
un2017: contains nonnumeric characters; replaced as double
(15 missing values generated)
un2018 already numeric; no replace
un2019 already numeric; no replace
un2020 already numeric; no replace
un2021 already numeric; no replace
un2022: contains nonnumeric characters; replaced as double
(15 missing values generated)
un2023 already numeric; no replace

. 
. drop if missing(geo)
(0 observations deleted)

. * Same split-geography guard as population/starts: the labour cube reports
. * Ottawa-Gatineau as three rows ("Ontario/Quebec" combined, "Ontario part",
. * "Quebec part"), all sharing the same text before the first comma. Keep only
. * the combined row.
. drop if strpos(lower(geo), " part") > 0
(2 observations deleted)

. _mk_cma_key geo
(42 real changes made)
(0 real changes made)
(0 real changes made)
(44 real changes made)
(0 real changes made)
(7 real changes made)
(0 real changes made)
(1 real change made)
(4 real changes made)
(1 real change made)
(2 real changes made)
(1 real change made)
(0 real changes made)
(0 real changes made)
(0 real changes made)
(0 real changes made)
(0 real changes made)
(0 real changes made)
(0 real changes made)
(0 real changes made)
(5 real changes made)
(0 real changes made)

. merge m:1 cma_key using `target_cmas'

    Result                      Number of obs
    -----------------------------------------
    Not matched                            19
        from master                        19  (_merge==1)
        from using                          0  (_merge==2)

    Matched                                36  (_merge==3)
    -----------------------------------------

. keep if _merge == 3
(19 observations deleted)

. drop _merge

. keep cma_key un2016-un2023

. reshape long un, i(cma_key) j(year)
(j = 2016 2017 2018 2019 2020 2021 2022 2023)

Data                               Wide   ->   Long
-----------------------------------------------------------------------------
Number of observations               36   ->   288         
Number of variables                   9   ->   3           
j variable (8 values)                     ->   year
xij variables:
               un2016 un2017 ... un2023   ->   un
-----------------------------------------------------------------------------

. 
. rename un unemp_rate

. 
. drop if missing(cma_key, year)          // keep rows even if unemp_rate missing
(0 observations deleted)

. isid cma_key year

. label var unemp_rate "Unemployment rate, 15+, annual (%)"

. count if cma_key == "toronto" & year == 2020 & abs(unemp_rate - 11.0) < 0.01
  1

. assert r(N) == 1

. count if cma_key == "ottawa gatineau" & year == 2016 & abs(unemp_rate - 6.5) < 0.01
  1

. assert r(N) == 1

. gsort cma_key year

. preserve

.     export delimited using "`ctrl'/unemp_clean_Tran.csv", replace
file C:\Users\Dell\OneDrive - Wilfrid Laurier University\Spring - 2026\EC 481\Term paper\Tran
> _EC481_submission\code_Tran\data/raw/controls/unemp_clean_Tran.csv saved

. restore

. keep cma_key year unemp_rate

. sort cma_key year

. tempfile unemp_clean

. save `unemp_clean', replace
(file C:\Users\Dell\AppData\Local\Temp\ST_2828_00000b.tmp not found)
file C:\Users\Dell\AppData\Local\Temp\ST_2828_00000b.tmp saved as .dta format

. display as text "Unemployment built from original: `=_N' CMA-years."
Unemployment built from original: 288 CMA-years.

. 
. * ==========================================================================
. * (4) Merge the three controls into one file keyed by cma_key x year
. * ==========================================================================
. use `pop_clean', clear

. merge 1:1 cma_key year using `unemp_clean', nogen
(variable cma_key was str47, now str118 to accommodate using data's values)

    Result                      Number of obs
    -----------------------------------------
    Not matched                             0
    Matched                               288  
    -----------------------------------------

. merge 1:1 cma_key year using `starts_clean'
(variable year was int, now float to accommodate using data's values)

    Result                      Number of obs
    -----------------------------------------
    Not matched                            42
        from master                        42  (_merge==1)
        from using                          0  (_merge==2)

    Matched                               246  (_merge==3)
    -----------------------------------------

. tab _merge

   Matching result from |
                  merge |      Freq.     Percent        Cum.
------------------------+-----------------------------------
        Master only (1) |         42       14.58       14.58
            Matched (3) |        246       85.42      100.00
------------------------+-----------------------------------
                  Total |        288      100.00

. drop _merge

. order cma_key year population ln_pop unemp_rate starts_total ln_starts

. sort cma_key year

. count
  288

. count if !missing(ln_starts)
  246

. display as text "Controls file: `r(N)' CMA-years with non-missing housing starts."
Controls file: 246 CMA-years with non-missing housing starts.

. save "$clean/controls_cma_clean_Tran.dta", replace
file C:\Users\Dell\OneDrive - Wilfrid Laurier University\Spring - 2026\EC 481\Term
    paper\Tran_EC481_submission\code_Tran\data/clean/controls_cma_clean_Tran.dta saved

. display as text "Saved $clean/controls_cma_clean_Tran.dta"
Saved C:\Users\Dell\OneDrive - Wilfrid Laurier University\Spring - 2026\EC 481\Term paper\Tra
> n_EC481_submission\code_Tran\data/clean/controls_cma_clean_Tran.dta

. 
end of do-file

. 
. * --- 2. Build analysis panels ----------------------------------------------
. * The baseline 31-CMA panel is still built because 09_regressions.do runs the
. * event study, long-difference, and leave-out checks on it. But we only produce
. * FIGURES and TABLES for the final 36-CMA sample (below), to keep the output
. * folder clean -- the baseline numbers are all visible in the log.
. global sample_mode "baseline"

. do "$dofiles/07_build_panel.do"        // -> core_affordability_panel_Tran.dta

. *==============================================================================
. * 07_build_panel.do  --  Assemble analysis panel
. *------------------------------------------------------------------------------
. * Steps
. *   (a) Merge HPI-CMA baseline with T1FF income.
. *   (b) If composite HPI exists (from 04_composite_hpi.do), overwrite the
. *       benchmark price for multi-board CMAs.
. *   (c) Merge annual qualifying rate.
. *   (d) Compute max qualified price and log affordability gap.
. *   (e) Build pre-2022 exposure and exposure terciles.
. *
. * Input : $clean/hpi_cma_clean_Tran.dta          (31-market baseline)
. *        [$clean/hpi_cma_expanded_Tran.dta]       (36-CMA, if 04b ran)
. *         $clean/income_cma_clean_Tran.dta
. *         $clean/mortgage_rate_annual_clean_Tran.dta
. *        [$clean/hpi_composite_by_cma_Tran.dta]  -- optional
. * Output: $clean/core_affordability_panel_Tran.dta          (baseline)
. *        [$clean/core_affordability_panel_expanded_Tran.dta] (expanded)
. *
. * SAMPLE TOGGLE
. *   global sample_mode controls which HPI panel is built. Set it before
. *   calling this file (00_master.do sets it). Default = baseline.
. *     "baseline" -> hpi_cma_clean_Tran.dta      -> core_affordability_panel_Tran.dta
. *     "expanded" -> hpi_cma_expanded_Tran.dta   -> core_affordability_panel_expanded_Tran.d
> ta
. *==============================================================================
. 
. if "$sample_mode" == "" global sample_mode "baseline"

. 
. if "$sample_mode" == "expanded" {
.     capture confirm file "$clean/hpi_cma_expanded_Tran.dta"
.     if _rc {
.         display as error "Expanded HPI not found; run 04b_expand_sample.do first. Falling b
> ack to baseline."
.         global sample_mode "baseline"
.     }
. }

. 
. if "$sample_mode" == "expanded" {
.     global hpi_in  "$clean/hpi_cma_expanded_Tran.dta"
.     global panel_out "$clean/core_affordability_panel_expanded_Tran.dta"
. }

. else {
.     global hpi_in  "$clean/hpi_cma_clean_Tran.dta"
.     global panel_out "$clean/core_affordability_panel_Tran.dta"
. }

. display as text "Building panel in sample_mode = $sample_mode"
Building panel in sample_mode = baseline

. 
. * ---------- (a) HPI ---------------------------------------------------------
. use "$hpi_in", clear

. 
. * Ensure a cluster_id exists (baseline file may not carry one)
. capture confirm variable cluster_id

. if _rc {
.     egen cluster_id = group(cma_name), label
. }

. capture confirm variable match_quality

. if _rc gen match_quality = "baseline"

. 
. * CMA key
. capture drop cma_key

. gen cma_key = cma_name

. replace cma_key = ustrlower(cma_key)
(248 real changes made)

. replace cma_key = subinstr(cma_key, "_", " ", .)
(0 real changes made)

. replace cma_key = subinstr(cma_key, "-", " ", .)
(40 real changes made)

. replace cma_key = subinstr(cma_key, "–", " ", .)
(0 real changes made)

. replace cma_key = subinstr(cma_key, "/", " ", .)
(8 real changes made)

. replace cma_key = subinstr(cma_key, ".", " ", .)
(16 real changes made)

. replace cma_key = subinstr(cma_key, "'", " ", .)
(8 real changes made)

. replace cma_key = subinstr(cma_key, "é", "e", .)
(16 real changes made)

. replace cma_key = subinstr(cma_key, "è", "e", .)
(8 real changes made)

. replace cma_key = subinstr(cma_key, "ê", "e", .)
(0 real changes made)

. replace cma_key = subinstr(cma_key, "ë", "e", .)
(0 real changes made)

. replace cma_key = subinstr(cma_key, "à", "a", .)
(0 real changes made)

. replace cma_key = subinstr(cma_key, "â", "a", .)
(0 real changes made)

. replace cma_key = subinstr(cma_key, "ô", "o", .)
(0 real changes made)

. replace cma_key = subinstr(cma_key, "î", "i", .)
(0 real changes made)

. replace cma_key = subinstr(cma_key, "ï", "i", .)
(0 real changes made)

. replace cma_key = subinstr(cma_key, "ç", "c", .)
(0 real changes made)

. replace cma_key = strtrim(itrim(cma_key))
(48 real changes made)

. replace cma_key = "greater sudbury" if cma_key == "greater sudbury grand sudbury"
(8 real changes made)

. 
. keep if inrange(year, 2016, 2023)
(0 observations deleted)

. 
. * ---------- (b) Overwrite HPI with composite where available ---------------
. * Composite HPI is OPT-IN, not automatic. Verified against the raw data
. * (household-weighted composite vs. single-board): beta moves only from
. * -0.0165 to -0.0154 (both insignificant) -- a small, stable difference.
. * Because exact household weights require CREA boundary files that were
. * never obtained, SINGLE-BOARD is the primary spec (zero unverifiable
. * weighting assumptions, largest |beta|, most conservative). The composite,
. * under three weight schemes, is reported as a robustness check in
. * 10_composite_robustness.do, not baked into the main panel.
. if "$use_composite_primary" == "1" {
.     capture confirm file "$clean/hpi_composite_by_cma_Tran.dta"
.     if !_rc {
.         capture confirm variable ln_benchmark_price
.         if _rc gen ln_benchmark_price = ln(benchmark_price)
.         gen double _bp_pre = benchmark_price
.         merge m:1 cma_name year using "$clean/hpi_composite_by_cma_Tran.dta"
.         keep if inlist(_merge, 1, 3)                       // keep base HPI where no compos
> ite
.         replace benchmark_price = benchmark_price_composite if !missing(benchmark_price_com
> posite)
.         * Report which CMAs were actually overwritten and by how much (2023).
.         gen double _delta = 100*(benchmark_price/_bp_pre - 1)
.         display as text "Composite HPI applied to these CMAs (2023 % change vs single board
> ):"
.         list cma_name year _delta if !missing(benchmark_price_composite) & year==2023, ///
>             sepby(cma_name) noobs
.         drop _merge benchmark_price_composite _bp_pre _delta
.         replace ln_benchmark_price = ln(benchmark_price)
.         display as text "Composite HPI merged for multi-board CMAs (use_composite_primary=1
> )."
.     }
.     else {
.         display as text "use_composite_primary=1 but composite file not found; using single
>  board."
.     }
. }

. else {
.     display as text "Single board per CMA (primary spec). Composite HPI is a"
Single board per CMA (primary spec). Composite HPI is a
.     display as text "robustness check only -- see 10_composite_robustness.do."
robustness check only -- see 10_composite_robustness.do.
. }

. 
. * ---------- (c) Merge income -----------------------------------------------
. preserve

.     use "$clean/income_cma_clean_Tran.dta", clear

.     isid cma_key year

. restore

. merge m:1 cma_key year using "$clean/income_cma_clean_Tran.dta"

    Result                      Number of obs
    -----------------------------------------
    Not matched                            40
        from master                         0  (_merge==1)
        from using                         40  (_merge==2)

    Matched                               248  (_merge==3)
    -----------------------------------------

. * Diagnostic: unmatched HPI-side rows (income missing for that market-year)
. capture confirm variable crea_market

. if !_rc {
.     list crea_market cma_name province year cma_key if _merge == 1, sepby(cma_name)
. }

. else {
.     list cma_name province year cma_key if _merge == 1, sepby(cma_name)
. }

. list cma_name_income year cma_key if _merge == 2, sepby(cma_name_income)

     +------------------------------------------------+
     |    cma_name_income   year              cma_key |
     |------------------------------------------------|
249. | Abbotsford-Mission   2016   abbotsford mission |
250. | Abbotsford-Mission   2017   abbotsford mission |
251. | Abbotsford-Mission   2018   abbotsford mission |
252. | Abbotsford-Mission   2019   abbotsford mission |
253. | Abbotsford-Mission   2020   abbotsford mission |
254. | Abbotsford-Mission   2021   abbotsford mission |
255. | Abbotsford-Mission   2022   abbotsford mission |
256. | Abbotsford-Mission   2023   abbotsford mission |
     |------------------------------------------------|
257. |      Drummondville   2016        drummondville |
258. |      Drummondville   2017        drummondville |
259. |      Drummondville   2018        drummondville |
260. |      Drummondville   2019        drummondville |
261. |      Drummondville   2020        drummondville |
262. |      Drummondville   2021        drummondville |
263. |      Drummondville   2022        drummondville |
264. |      Drummondville   2023        drummondville |
     |------------------------------------------------|
265. |           Kamloops   2016             kamloops |
266. |           Kamloops   2017             kamloops |
267. |           Kamloops   2018             kamloops |
268. |           Kamloops   2019             kamloops |
269. |           Kamloops   2020             kamloops |
270. |           Kamloops   2021             kamloops |
271. |           Kamloops   2022             kamloops |
272. |           Kamloops   2023             kamloops |
     |------------------------------------------------|
273. |            Kelowna   2016              kelowna |
274. |            Kelowna   2017              kelowna |
275. |            Kelowna   2018              kelowna |
276. |            Kelowna   2019              kelowna |
277. |            Kelowna   2020              kelowna |
278. |            Kelowna   2021              kelowna |
279. |            Kelowna   2022              kelowna |
280. |            Kelowna   2023              kelowna |
     |------------------------------------------------|
281. |            Nanaimo   2016              nanaimo |
282. |            Nanaimo   2017              nanaimo |
283. |            Nanaimo   2018              nanaimo |
284. |            Nanaimo   2019              nanaimo |
285. |            Nanaimo   2020              nanaimo |
286. |            Nanaimo   2021              nanaimo |
287. |            Nanaimo   2022              nanaimo |
288. |            Nanaimo   2023              nanaimo |
     +------------------------------------------------+

. keep if _merge == 3
(40 observations deleted)

. drop _merge

. 
. * ---------- (d) Merge annual rates ----------------------------------------
. merge m:1 year using "$clean/mortgage_rate_annual_clean_Tran.dta"
(variable year was int, now float to accommodate using data's values)

    Result                      Number of obs
    -----------------------------------------
    Not matched                             0
    Matched                               248  (_merge==3)
    -----------------------------------------

. list year if _merge != 3

. keep if _merge == 3
(0 observations deleted)

. drop _merge

. 
. * ---------- (d2) Merge supply/demand controls (mechanism check only) -------
. * ln_pop, ln_starts, unemp_rate are used ONLY in the exploratory mechanism
. * regressions in 09_regressions.do, never the primary spec. Merge is m:1 on
. * cma_key x year. Housing starts is missing for six 2021-Census-reclassified
. * CMAs before 2023 (documented in 06b_clean_controls.do); those cells stay
. * missing and are dropped by the FE estimator in the starts spec alone.
. capture confirm file "$clean/controls_cma_clean_Tran.dta"

. if !_rc {
.     merge m:1 cma_key year using "$clean/controls_cma_clean_Tran.dta"
(variable cma_key was str32, now str118 to accommodate using data's values)

    Result                      Number of obs
    -----------------------------------------
    Not matched                            40
        from master                         0  (_merge==1)
        from using                         40  (_merge==2)

    Matched                               248  (_merge==3)
    -----------------------------------------
.     * _merge==1: panel row with no control match (should not happen for pop/unemp)
.     * _merge==2: control row not in panel (other CMAs) -> drop
.     list cma_name year if _merge == 1, sepby(cma_name)
.     drop if _merge == 2
(40 observations deleted)
.     drop _merge
.     display as text "Controls merged (ln_pop, ln_starts, unemp_rate)."
Controls merged (ln_pop, ln_starts, unemp_rate).
.     count if !missing(ln_starts)
  227
.     display as text "  Non-missing housing-starts CMA-years: `r(N)' of `=_N'."
  Non-missing housing-starts CMA-years: 227 of 248.
. }

. else {
.     display as text "Controls file not found; mechanism vars will be skipped in 09."
. }

. 
. summ benchmark_price median_income contract_rate_5yr qual_rate

    Variable |        Obs        Mean    Std. dev.       Min        Max
-------------+---------------------------------------------------------
benchmark_~e |        248    442551.6    225833.7     121800    1203900
median_inc~e |        248    95937.74    11067.32      73250     131390
contract_r~r |        248     5.25416    .6244796   4.657308   6.684231
   qual_rate |        248     7.25416    .6244796   6.657308   8.684231

. save "$panel_out", replace
file C:\Users\Dell\OneDrive - Wilfrid Laurier University\Spring - 2026\EC 481\Term
    paper\Tran_EC481_submission\code_Tran\data/clean/core_affordability_panel_Tran.dta
    saved

. 
. 
. * ---------- (e) Construct affordability gap --------------------------------
. use "$panel_out", clear

. 
. * Payment cap: 39 % GDS (CMHC)
. gen max_monthly_payment = 0.39 * median_income / 12

. 
. * Semi-annual compounding -> monthly rate
. gen qual_rate_monthly = (1 + qual_rate/200)^(1/6) - 1

. 
. * 25-year amortization
. gen amort_months = 300

. gen max_mortgage = max_monthly_payment * ///
>     (1 - (1 + qual_rate_monthly)^(-amort_months)) / qual_rate_monthly

. 
. * 20 % down payment -> maximum qualified price
. gen max_qualified_price = max_mortgage / 0.80

. 
. gen affordability_gap = ln(benchmark_price) - ln(max_qualified_price)

. gen affordability_gap_pct = exp(affordability_gap) - 1

. gen price_income_ratio = benchmark_price / median_income

. 
. label var max_monthly_payment "Max monthly payment, 39% of income"

. label var qual_rate_monthly   "Monthly mortgage qualifying rate"

. label var max_mortgage        "Max mortgage principal"

. label var max_qualified_price "Mortgage-qualified maximum home price"

. label var affordability_gap     "ln(benchmark) - ln(max qualified price)"

. label var affordability_gap_pct "Affordability gap, percent form"

. label var price_income_ratio    "Benchmark price-to-income ratio"

. 
. summ benchmark_price median_income contract_rate_5yr qual_rate ///
>      max_qualified_price affordability_gap affordability_gap_pct ///
>      price_income_ratio, detail

                   (mean) benchmark_price
-------------------------------------------------------------
      Percentiles      Smallest
 1%       127300         121800
 5%       177700         125200
10%       199900         127300       Obs                 248
25%       283000         131900       Sum of wgt.         248

50%       371650                      Mean           442551.6
                        Largest       Std. dev.      225833.7
75%       556500        1080800
90%       785000        1168600       Variance       5.10e+10
95%       889300        1171600       Skewness        1.11711
99%      1168600        1203900       Kurtosis       3.842486

                    (mean) median_income
-------------------------------------------------------------
      Percentiles      Smallest
 1%        75460          73250
 5%        78710          75080
10%        81410          75460       Obs                 248
25%        88000          75530       Sum of wgt.         248

50%        95735                      Mean           95937.74
                        Largest       Std. dev.      11067.32
75%       103620         121850
90%       110740         122200       Variance       1.22e+08
95%       114130         125660       Skewness       .2745466
99%       122200         131390       Kurtosis       2.673153

     BoC posted 5-yr conventional mortgage rate, annual
                           avg (%)
-------------------------------------------------------------
      Percentiles      Smallest
 1%     4.657308       4.657308
 5%     4.657308       4.657308
10%     4.657308       4.657308       Obs                 248
25%       4.7775       4.657308       Sum of wgt.         248

50%     5.107217                      Mean            5.25416
                        Largest       Std. dev.      .6244796
75%     5.461154       6.684231
90%     6.684231       6.684231       Variance       .3899747
95%     6.684231       6.684231       Skewness       1.306205
99%     6.684231       6.684231       Kurtosis       3.684444

     Mortgage qualifying rate: max(contract+2pp, 5.25%)
-------------------------------------------------------------
      Percentiles      Smallest
 1%     6.657308       6.657308
 5%     6.657308       6.657308
10%     6.657308       6.657308       Obs                 248
25%       6.7775       6.657308       Sum of wgt.         248

50%     7.107217                      Mean            7.25416
                        Largest       Std. dev.      .6244796
75%     7.461154       8.684231
90%     8.684231       8.684231       Variance       .3899748
95%     8.684231       8.684231       Skewness       1.306205
99%     8.684231       8.684231       Kurtosis       3.684445

            Mortgage-qualified maximum home price
-------------------------------------------------------------
      Percentiles      Smallest
 1%       448952       438009.2
 5%     461469.7       442942.9
10%     471382.2         448952       Obs                 248
25%     498074.8       450390.3       Sum of wgt.         248

50%     542297.2                      Mean           543903.6
                        Largest       Std. dev.      55604.86
75%     584458.4       661158.6
90%     619544.5       686427.8       Variance       3.09e+09
95%     635991.9       688835.9       Skewness       .2886954
99%     686427.8       722092.1       Kurtosis       2.523258

           ln(benchmark) - ln(max qualified price)
-------------------------------------------------------------
      Percentiles      Smallest
 1%     -1.27986      -1.280202
 5%    -1.033286      -1.279864
10%    -.8815797       -1.27986       Obs                 248
25%    -.6643137      -1.252372       Sum of wgt.         248

50%    -.3812257                      Mean          -.3217201
                        Largest       Std. dev.      .4682953
75%    -.0091261       .7390875
90%     .3481311       .7530999       Variance       .2193005
95%      .453219       .7615789       Skewness       .2527809
99%     .7530999       .7707664       Kurtosis       2.428182

               Affordability gap, percent form
-------------------------------------------------------------
      Percentiles      Smallest
 1%    -.7219236      -.7220188
 5%    -.6441641      -.7219248
10%    -.5858718      -.7219236       Obs                 248
25%    -.4853712      -.7141741       Sum of wgt.         248

50%    -.3169755                      Mean          -.1890487
                        Largest       Std. dev.      .4068456
75%     -.009083       1.094024
90%     .4164179       1.123573       Variance       .1655234
95%     .5733687       1.141655       Skewness       1.207942
99%     1.123573       1.161422       Kurtosis       4.087066

               Benchmark price-to-income ratio
-------------------------------------------------------------
      Percentiles      Smallest
 1%      1.62871       1.619001
 5%     2.042652       1.620086
10%      2.37552        1.62871       Obs                 248
25%     2.942257       1.646285       Sum of wgt.         248

50%     3.868848                      Mean           4.576539
                        Largest       Std. dev.       2.23383
75%     5.728894       11.64088
90%       7.6538          11.74       Variance       4.989996
95%      8.81179       11.79359       Skewness       1.208982
99%        11.74       11.81917       Kurtosis       4.132531

. 
. * Sanity: no implausible affordability gaps (|log gap| > 2 would be ~7x mispricing).
. capture assert abs(affordability_gap) < 2 if !missing(affordability_gap)

. if _rc {
.     display as error "*** Implausible affordability_gap (|log gap| > 2). Inspect below. ***
> "
.     list cma_name year benchmark_price median_income affordability_gap ///
>         if abs(affordability_gap) >= 2
.     exit 459
. }

. 
. save "$panel_out", replace
file C:\Users\Dell\OneDrive - Wilfrid Laurier University\Spring - 2026\EC 481\Term
    paper\Tran_EC481_submission\code_Tran\data/clean/core_affordability_panel_Tran.dta
    saved

. 
. 
. * ---------- (f) Pre-2022 exposure and terciles -----------------------------
. use "$panel_out", clear

. 
. * Raw exposure: average 2016-2021 P/I
. egen pre_exposure_raw = mean(cond(inrange(year, 2016, 2021), ///
>     price_income_ratio, .)), by(market_id)

. label var pre_exposure_raw "Avg 2016-2021 benchmark-price-to-income ratio"

. 
. * Standardize across markets in the active sample (use one-per-market tag)
. egen tag_market = tag(market_id)

. summ pre_exposure_raw if tag_market == 1

    Variable |        Obs        Mean    Std. dev.       Min        Max
-------------+---------------------------------------------------------
pre_exposu~w |         31    4.261555    2.000369   1.701522   10.77362

. local m = r(mean)

. local s = r(sd)

. gen pre_exposure_z = (pre_exposure_raw - `m') / `s'

. label var pre_exposure_z "Standardized pre-2022 price-to-income exposure"

. 
. * Terciles
. xtile exposure_tercile_temp = pre_exposure_raw if tag_market == 1, nq(3)

. bysort market_id: egen exposure_tercile = max(exposure_tercile_temp)

. drop exposure_tercile_temp

. label define expterc 1 "Low pre-exposure" 2 "Middle pre-exposure" 3 "High pre-exposure", re
> place

. label values exposure_tercile expterc

. 
. tab exposure_tercile if tag_market == 1

   exposure_tercile |      Freq.     Percent        Cum.
--------------------+-----------------------------------
   Low pre-exposure |         11       35.48       35.48
Middle pre-exposure |         10       32.26       67.74
  High pre-exposure |         10       32.26      100.00
--------------------+-----------------------------------
              Total |         31      100.00

. summ pre_exposure_raw pre_exposure_z if tag_market == 1, detail

        Avg 2016-2021 benchmark-price-to-income ratio
-------------------------------------------------------------
      Percentiles      Smallest
 1%     1.701522       1.701522
 5%     2.078561       2.078561
10%     2.236405       2.109519       Obs                  31
25%     2.849416       2.236405       Sum of wgt.          31

50%     3.942714                      Mean           4.261555
                        Largest       Std. dev.      2.000369
75%     5.264403       6.079272
90%     6.079272       6.298669       Variance       4.001478
95%     9.146307       9.146307       Skewness       1.479913
99%     10.77362       10.77362       Kurtosis       5.492165

       Standardized pre-2022 price-to-income exposure
-------------------------------------------------------------
      Percentiles      Smallest
 1%     -1.27978       -1.27978
 5%    -1.091295      -1.091295
10%    -1.012388      -1.075819       Obs                  31
25%    -.7059389      -1.012388       Sum of wgt.          31

50%    -.1593907                      Mean          -4.83e-09
                        Largest       Std. dev.             1
75%     .5013317        .908691
90%      .908691       1.018369       Variance              1
95%     2.441925       2.441925       Skewness       1.479913
99%     3.255433       3.255433       Kurtosis       5.492165

. list cma_name province pre_exposure_raw pre_exposure_z exposure_tercile ///
>     if tag_market == 1, sepby(exposure_tercile)

     +--------------------------------------------------------------------+
  1. |                         cma_name | province | pre_ex~w | pre_exp~z |
     |                           Barrie |       ON | 5.572135 |  .6551694 |
     |--------------------------------------------------------------------|
     |                           exposure_tercile                         |
     |                          High pre-exposure                         |
     +--------------------------------------------------------------------+

     +--------------------------------------------------------------------+
  9. |                         cma_name | province | pre_ex~w | pre_exp~z |
     |         Belleville - Quinte West |       ON | 3.822675 | -.2193992 |
     |--------------------------------------------------------------------|
     |                           exposure_tercile                         |
     |                        Middle pre-exposure                         |
     +--------------------------------------------------------------------+

     +--------------------------------------------------------------------+
 17. |                         cma_name | province | pre_ex~w | pre_exp~z |
     |                        Brantford |       ON | 5.249758 |  .4940103 |
     |--------------------------------------------------------------------|
     |                           exposure_tercile                         |
     |                          High pre-exposure                         |
     +--------------------------------------------------------------------+

     +--------------------------------------------------------------------+
 25. |                         cma_name | province | pre_ex~w | pre_exp~z |
     |                          Calgary |       AB | 4.009364 | -.1260722 |
     |--------------------------------------------------------------------|
     |                           exposure_tercile                         |
     |                        Middle pre-exposure                         |
     +--------------------------------------------------------------------+

     +--------------------------------------------------------------------+
 33. |                         cma_name | province | pre_ex~w | pre_exp~z |
     |                       Chilliwack |       BC | 6.043176 |   .890646 |
     |--------------------------------------------------------------------|
     |                           exposure_tercile                         |
     |                          High pre-exposure                         |
     +--------------------------------------------------------------------+

     +--------------------------------------------------------------------+
 41. |                         cma_name | province | pre_ex~w | pre_exp~z |
     |                         Edmonton |       AB | 3.366578 | -.4474056 |
     |--------------------------------------------------------------------|
     |                           exposure_tercile                         |
     |                        Middle pre-exposure                         |
     +--------------------------------------------------------------------+

     +--------------------------------------------------------------------+
 49. |                         cma_name | province | pre_ex~w | pre_exp~z |
     |                      Fredericton |       NB | 2.109519 | -1.075819 |
     |--------------------------------------------------------------------|
     |                           exposure_tercile                         |
     |                           Low pre-exposure                         |
     +--------------------------------------------------------------------+

     +--------------------------------------------------------------------+
 57. |                         cma_name | province | pre_ex~w | pre_exp~z |
     |  Greater Sudbury / Grand Sudbury |       ON | 2.852184 |  -.704555 |
     |--------------------------------------------------------------------|
     |                           exposure_tercile                         |
     |                           Low pre-exposure                         |
     +--------------------------------------------------------------------+

     +--------------------------------------------------------------------+
 65. |                         cma_name | province | pre_ex~w | pre_exp~z |
     |                           Guelph |       ON | 5.356004 |  .5471235 |
     |--------------------------------------------------------------------|
     |                           exposure_tercile                         |
     |                          High pre-exposure                         |
     +--------------------------------------------------------------------+

     +--------------------------------------------------------------------+
 73. |                         cma_name | province | pre_ex~w | pre_exp~z |
     |                          Halifax |       NS | 3.355982 | -.4527026 |
     |--------------------------------------------------------------------|
     |                           exposure_tercile                         |
     |                        Middle pre-exposure                         |
     +--------------------------------------------------------------------+

     +--------------------------------------------------------------------+
 81. |                         cma_name | province | pre_ex~w | pre_exp~z |
     |                         Hamilton |       ON | 6.079272 |   .908691 |
     |--------------------------------------------------------------------|
     |                           exposure_tercile                         |
     |                          High pre-exposure                         |
     +--------------------------------------------------------------------+

     +--------------------------------------------------------------------+
 89. |                         cma_name | province | pre_ex~w | pre_exp~z |
     |                         Kingston |       ON |  3.56412 | -.3486529 |
     |--------------------------------------------------------------------|
     |                           exposure_tercile                         |
     |                        Middle pre-exposure                         |
     +--------------------------------------------------------------------+

     +--------------------------------------------------------------------+
 97. |                         cma_name | province | pre_ex~w | pre_exp~z |
     | Kitchener - Cambridge - Waterloo |       ON | 5.189279 |  .4637763 |
     |--------------------------------------------------------------------|
     |                           exposure_tercile                         |
     |                          High pre-exposure                         |
     +--------------------------------------------------------------------+

     +--------------------------------------------------------------------+
105. |                         cma_name | province | pre_ex~w | pre_exp~z |
     |                           London |       ON | 4.209706 | -.0259194 |
     |--------------------------------------------------------------------|
     |                           exposure_tercile                         |
     |                        Middle pre-exposure                         |
     +--------------------------------------------------------------------+

     +--------------------------------------------------------------------+
113. |                         cma_name | province | pre_ex~w | pre_exp~z |
     |                          Moncton |       NB | 2.078561 | -1.091295 |
     |--------------------------------------------------------------------|
     |                           exposure_tercile                         |
     |                           Low pre-exposure                         |
     +--------------------------------------------------------------------+

     +--------------------------------------------------------------------+
121. |                         cma_name | province | pre_ex~w | pre_exp~z |
     |                         Montréal |       QC | 3.965847 | -.1478265 |
     |--------------------------------------------------------------------|
     |                           exposure_tercile                         |
     |                        Middle pre-exposure                         |
     +--------------------------------------------------------------------+

     +--------------------------------------------------------------------+
129. |                         cma_name | province | pre_ex~w | pre_exp~z |
     |                Ottawa - Gatineau |    ON/QC | 3.942714 | -.1593907 |
     |--------------------------------------------------------------------|
     |                           exposure_tercile                         |
     |                        Middle pre-exposure                         |
     +--------------------------------------------------------------------+

     +--------------------------------------------------------------------+
137. |                         cma_name | province | pre_ex~w | pre_exp~z |
     |                     Peterborough |       ON | 4.633005 |  .1856909 |
     |--------------------------------------------------------------------|
     |                           exposure_tercile                         |
     |                        Middle pre-exposure                         |
     +--------------------------------------------------------------------+

     +--------------------------------------------------------------------+
145. |                         cma_name | province | pre_ex~w | pre_exp~z |
     |                           Québec |       QC | 2.511243 | -.8749943 |
     |--------------------------------------------------------------------|
     |                           exposure_tercile                         |
     |                           Low pre-exposure                         |
     +--------------------------------------------------------------------+

     +--------------------------------------------------------------------+
153. |                         cma_name | province | pre_ex~w | pre_exp~z |
     |                           Regina |       SK | 2.849416 | -.7059389 |
     |--------------------------------------------------------------------|
     |                           exposure_tercile                         |
     |                           Low pre-exposure                         |
     +--------------------------------------------------------------------+

     +--------------------------------------------------------------------+
161. |                         cma_name | province | pre_ex~w | pre_exp~z |
     |                       Saint John |       NB | 2.236405 | -1.012388 |
     |--------------------------------------------------------------------|
     |                           exposure_tercile                         |
     |                           Low pre-exposure                         |
     +--------------------------------------------------------------------+

     +--------------------------------------------------------------------+
169. |                         cma_name | province | pre_ex~w | pre_exp~z |
     |                        Saskatoon |       SK | 3.251971 | -.5046986 |
     |--------------------------------------------------------------------|
     |                           exposure_tercile                         |
     |                           Low pre-exposure                         |
     +--------------------------------------------------------------------+

     +--------------------------------------------------------------------+
177. |                         cma_name | province | pre_ex~w | pre_exp~z |
     |                       Sherbrooke |       QC | 2.501351 | -.8799395 |
     |--------------------------------------------------------------------|
     |                           exposure_tercile                         |
     |                           Low pre-exposure                         |
     +--------------------------------------------------------------------+

     +--------------------------------------------------------------------+
185. |                         cma_name | province | pre_ex~w | pre_exp~z |
     |         St. Catharines - Niagara |       ON | 5.264403 |  .5013317 |
     |--------------------------------------------------------------------|
     |                           exposure_tercile                         |
     |                          High pre-exposure                         |
     +--------------------------------------------------------------------+

     +--------------------------------------------------------------------+
193. |                         cma_name | province | pre_ex~w | pre_exp~z |
     |                       St. John's |       NL | 2.762076 | -.7496006 |
     |--------------------------------------------------------------------|
     |                           exposure_tercile                         |
     |                           Low pre-exposure                         |
     +--------------------------------------------------------------------+

     +--------------------------------------------------------------------+
201. |                         cma_name | province | pre_ex~w | pre_exp~z |
     |                          Toronto |       ON | 9.146307 |  2.441925 |
     |--------------------------------------------------------------------|
     |                           exposure_tercile                         |
     |                          High pre-exposure                         |
     +--------------------------------------------------------------------+

     +--------------------------------------------------------------------+
209. |                         cma_name | province | pre_ex~w | pre_exp~z |
     |                   Trois-Rivières |       QC | 1.701522 |  -1.27978 |
     |--------------------------------------------------------------------|
     |                           exposure_tercile                         |
     |                           Low pre-exposure                         |
     +--------------------------------------------------------------------+

     +--------------------------------------------------------------------+
217. |                         cma_name | province | pre_ex~w | pre_exp~z |
     |                        Vancouver |       BC | 10.77362 |  3.255433 |
     |--------------------------------------------------------------------|
     |                           exposure_tercile                         |
     |                          High pre-exposure                         |
     +--------------------------------------------------------------------+

     +--------------------------------------------------------------------+
225. |                         cma_name | province | pre_ex~w | pre_exp~z |
     |                         Victoria |       BC | 6.298669 |  1.018369 |
     |--------------------------------------------------------------------|
     |                           exposure_tercile                         |
     |                          High pre-exposure                         |
     +--------------------------------------------------------------------+

     +--------------------------------------------------------------------+
233. |                         cma_name | province | pre_ex~w | pre_exp~z |
     |                          Windsor |       ON | 4.260987 | -.0002839 |
     |--------------------------------------------------------------------|
     |                           exposure_tercile                         |
     |                        Middle pre-exposure                         |
     +--------------------------------------------------------------------+

     +--------------------------------------------------------------------+
241. |                         cma_name | province | pre_ex~w | pre_exp~z |
     |                         Winnipeg |       MB |  3.15034 | -.5555046 |
     |--------------------------------------------------------------------|
     |                           exposure_tercile                         |
     |                           Low pre-exposure                         |
     +--------------------------------------------------------------------+

. drop tag_market

. 
. xtset market_id year

Panel variable: market_id (strongly balanced)
 Time variable: year, 2016 to 2023
         Delta: 1 unit

. save "$panel_out", replace
file C:\Users\Dell\OneDrive - Wilfrid Laurier University\Spring - 2026\EC 481\Term
    paper\Tran_EC481_submission\code_Tran\data/clean/core_affordability_panel_Tran.dta
    saved

. 
end of do-file

. 
. global sample_mode "expanded"

. do "$dofiles/07_build_panel.do"        // -> core_affordability_panel_expanded_Tran.dta

. *==============================================================================
. * 07_build_panel.do  --  Assemble analysis panel
. *------------------------------------------------------------------------------
. * Steps
. *   (a) Merge HPI-CMA baseline with T1FF income.
. *   (b) If composite HPI exists (from 04_composite_hpi.do), overwrite the
. *       benchmark price for multi-board CMAs.
. *   (c) Merge annual qualifying rate.
. *   (d) Compute max qualified price and log affordability gap.
. *   (e) Build pre-2022 exposure and exposure terciles.
. *
. * Input : $clean/hpi_cma_clean_Tran.dta          (31-market baseline)
. *        [$clean/hpi_cma_expanded_Tran.dta]       (36-CMA, if 04b ran)
. *         $clean/income_cma_clean_Tran.dta
. *         $clean/mortgage_rate_annual_clean_Tran.dta
. *        [$clean/hpi_composite_by_cma_Tran.dta]  -- optional
. * Output: $clean/core_affordability_panel_Tran.dta          (baseline)
. *        [$clean/core_affordability_panel_expanded_Tran.dta] (expanded)
. *
. * SAMPLE TOGGLE
. *   global sample_mode controls which HPI panel is built. Set it before
. *   calling this file (00_master.do sets it). Default = baseline.
. *     "baseline" -> hpi_cma_clean_Tran.dta      -> core_affordability_panel_Tran.dta
. *     "expanded" -> hpi_cma_expanded_Tran.dta   -> core_affordability_panel_expanded_Tran.d
> ta
. *==============================================================================
. 
. if "$sample_mode" == "" global sample_mode "baseline"

. 
. if "$sample_mode" == "expanded" {
.     capture confirm file "$clean/hpi_cma_expanded_Tran.dta"
.     if _rc {
.         display as error "Expanded HPI not found; run 04b_expand_sample.do first. Falling b
> ack to baseline."
.         global sample_mode "baseline"
.     }
. }

. 
. if "$sample_mode" == "expanded" {
.     global hpi_in  "$clean/hpi_cma_expanded_Tran.dta"
.     global panel_out "$clean/core_affordability_panel_expanded_Tran.dta"
. }

. else {
.     global hpi_in  "$clean/hpi_cma_clean_Tran.dta"
.     global panel_out "$clean/core_affordability_panel_Tran.dta"
. }

. display as text "Building panel in sample_mode = $sample_mode"
Building panel in sample_mode = expanded

. 
. * ---------- (a) HPI ---------------------------------------------------------
. use "$hpi_in", clear

. 
. * Ensure a cluster_id exists (baseline file may not carry one)
. capture confirm variable cluster_id

. if _rc {
.     egen cluster_id = group(cma_name), label
. }

. capture confirm variable match_quality

. if _rc gen match_quality = "baseline"

. 
. * CMA key
. capture drop cma_key

. gen cma_key = cma_name

. replace cma_key = ustrlower(cma_key)
(288 real changes made)

. replace cma_key = subinstr(cma_key, "_", " ", .)
(0 real changes made)

. replace cma_key = subinstr(cma_key, "-", " ", .)
(48 real changes made)

. replace cma_key = subinstr(cma_key, "–", " ", .)
(0 real changes made)

. replace cma_key = subinstr(cma_key, "/", " ", .)
(8 real changes made)

. replace cma_key = subinstr(cma_key, ".", " ", .)
(16 real changes made)

. replace cma_key = subinstr(cma_key, "'", " ", .)
(8 real changes made)

. replace cma_key = subinstr(cma_key, "é", "e", .)
(16 real changes made)

. replace cma_key = subinstr(cma_key, "è", "e", .)
(8 real changes made)

. replace cma_key = subinstr(cma_key, "ê", "e", .)
(0 real changes made)

. replace cma_key = subinstr(cma_key, "ë", "e", .)
(0 real changes made)

. replace cma_key = subinstr(cma_key, "à", "a", .)
(0 real changes made)

. replace cma_key = subinstr(cma_key, "â", "a", .)
(0 real changes made)

. replace cma_key = subinstr(cma_key, "ô", "o", .)
(0 real changes made)

. replace cma_key = subinstr(cma_key, "î", "i", .)
(0 real changes made)

. replace cma_key = subinstr(cma_key, "ï", "i", .)
(0 real changes made)

. replace cma_key = subinstr(cma_key, "ç", "c", .)
(0 real changes made)

. replace cma_key = strtrim(itrim(cma_key))
(56 real changes made)

. replace cma_key = "greater sudbury" if cma_key == "greater sudbury grand sudbury"
(8 real changes made)

. 
. keep if inrange(year, 2016, 2023)
(0 observations deleted)

. 
. * ---------- (b) Overwrite HPI with composite where available ---------------
. * Composite HPI is OPT-IN, not automatic. Verified against the raw data
. * (household-weighted composite vs. single-board): beta moves only from
. * -0.0165 to -0.0154 (both insignificant) -- a small, stable difference.
. * Because exact household weights require CREA boundary files that were
. * never obtained, SINGLE-BOARD is the primary spec (zero unverifiable
. * weighting assumptions, largest |beta|, most conservative). The composite,
. * under three weight schemes, is reported as a robustness check in
. * 10_composite_robustness.do, not baked into the main panel.
. if "$use_composite_primary" == "1" {
.     capture confirm file "$clean/hpi_composite_by_cma_Tran.dta"
.     if !_rc {
.         capture confirm variable ln_benchmark_price
.         if _rc gen ln_benchmark_price = ln(benchmark_price)
.         gen double _bp_pre = benchmark_price
.         merge m:1 cma_name year using "$clean/hpi_composite_by_cma_Tran.dta"
.         keep if inlist(_merge, 1, 3)                       // keep base HPI where no compos
> ite
.         replace benchmark_price = benchmark_price_composite if !missing(benchmark_price_com
> posite)
.         * Report which CMAs were actually overwritten and by how much (2023).
.         gen double _delta = 100*(benchmark_price/_bp_pre - 1)
.         display as text "Composite HPI applied to these CMAs (2023 % change vs single board
> ):"
.         list cma_name year _delta if !missing(benchmark_price_composite) & year==2023, ///
>             sepby(cma_name) noobs
.         drop _merge benchmark_price_composite _bp_pre _delta
.         replace ln_benchmark_price = ln(benchmark_price)
.         display as text "Composite HPI merged for multi-board CMAs (use_composite_primary=1
> )."
.     }
.     else {
.         display as text "use_composite_primary=1 but composite file not found; using single
>  board."
.     }
. }

. else {
.     display as text "Single board per CMA (primary spec). Composite HPI is a"
Single board per CMA (primary spec). Composite HPI is a
.     display as text "robustness check only -- see 10_composite_robustness.do."
robustness check only -- see 10_composite_robustness.do.
. }

. 
. * ---------- (c) Merge income -----------------------------------------------
. preserve

.     use "$clean/income_cma_clean_Tran.dta", clear

.     isid cma_key year

. restore

. merge m:1 cma_key year using "$clean/income_cma_clean_Tran.dta"

    Result                      Number of obs
    -----------------------------------------
    Not matched                             0
    Matched                               288  (_merge==3)
    -----------------------------------------

. * Diagnostic: unmatched HPI-side rows (income missing for that market-year)
. capture confirm variable crea_market

. if !_rc {
.     list crea_market cma_name province year cma_key if _merge == 1, sepby(cma_name)
. }

. else {
.     list cma_name province year cma_key if _merge == 1, sepby(cma_name)
. }

. list cma_name_income year cma_key if _merge == 2, sepby(cma_name_income)

. keep if _merge == 3
(0 observations deleted)

. drop _merge

. 
. * ---------- (d) Merge annual rates ----------------------------------------
. merge m:1 year using "$clean/mortgage_rate_annual_clean_Tran.dta"
(variable year was int, now float to accommodate using data's values)

    Result                      Number of obs
    -----------------------------------------
    Not matched                             0
    Matched                               288  (_merge==3)
    -----------------------------------------

. list year if _merge != 3

. keep if _merge == 3
(0 observations deleted)

. drop _merge

. 
. * ---------- (d2) Merge supply/demand controls (mechanism check only) -------
. * ln_pop, ln_starts, unemp_rate are used ONLY in the exploratory mechanism
. * regressions in 09_regressions.do, never the primary spec. Merge is m:1 on
. * cma_key x year. Housing starts is missing for six 2021-Census-reclassified
. * CMAs before 2023 (documented in 06b_clean_controls.do); those cells stay
. * missing and are dropped by the FE estimator in the starts spec alone.
. capture confirm file "$clean/controls_cma_clean_Tran.dta"

. if !_rc {
.     merge m:1 cma_key year using "$clean/controls_cma_clean_Tran.dta"
(variable cma_key was str32, now str118 to accommodate using data's values)

    Result                      Number of obs
    -----------------------------------------
    Not matched                             0
    Matched                               288  (_merge==3)
    -----------------------------------------
.     * _merge==1: panel row with no control match (should not happen for pop/unemp)
.     * _merge==2: control row not in panel (other CMAs) -> drop
.     list cma_name year if _merge == 1, sepby(cma_name)
.     drop if _merge == 2
(0 observations deleted)
.     drop _merge
.     display as text "Controls merged (ln_pop, ln_starts, unemp_rate)."
Controls merged (ln_pop, ln_starts, unemp_rate).
.     count if !missing(ln_starts)
  246
.     display as text "  Non-missing housing-starts CMA-years: `r(N)' of `=_N'."
  Non-missing housing-starts CMA-years: 246 of 288.
. }

. else {
.     display as text "Controls file not found; mechanism vars will be skipped in 09."
. }

. 
. summ benchmark_price median_income contract_rate_5yr qual_rate

    Variable |        Obs        Mean    Std. dev.       Min        Max
-------------+---------------------------------------------------------
benchmark_~e |        288    451334.4    227769.4     121800    1203900
median_inc~e |        288    95177.12     11121.2      70260     131390
contract_r~r |        288     5.25416    .6243041   4.657308   6.684231
   qual_rate |        288     7.25416    .6243041   6.657308   8.684231

. save "$panel_out", replace
file C:\Users\Dell\OneDrive - Wilfrid Laurier University\Spring - 2026\EC 481\Term
    paper\Tran_EC481_submission\code_Tran\data/clean/core_affordability_panel_expanded_Tran
    > .dta saved

. 
. 
. * ---------- (e) Construct affordability gap --------------------------------
. use "$panel_out", clear

. 
. * Payment cap: 39 % GDS (CMHC)
. gen max_monthly_payment = 0.39 * median_income / 12

. 
. * Semi-annual compounding -> monthly rate
. gen qual_rate_monthly = (1 + qual_rate/200)^(1/6) - 1

. 
. * 25-year amortization
. gen amort_months = 300

. gen max_mortgage = max_monthly_payment * ///
>     (1 - (1 + qual_rate_monthly)^(-amort_months)) / qual_rate_monthly

. 
. * 20 % down payment -> maximum qualified price
. gen max_qualified_price = max_mortgage / 0.80

. 
. gen affordability_gap = ln(benchmark_price) - ln(max_qualified_price)

. gen affordability_gap_pct = exp(affordability_gap) - 1

. gen price_income_ratio = benchmark_price / median_income

. 
. label var max_monthly_payment "Max monthly payment, 39% of income"

. label var qual_rate_monthly   "Monthly mortgage qualifying rate"

. label var max_mortgage        "Max mortgage principal"

. label var max_qualified_price "Mortgage-qualified maximum home price"

. label var affordability_gap     "ln(benchmark) - ln(max qualified price)"

. label var affordability_gap_pct "Affordability gap, percent form"

. label var price_income_ratio    "Benchmark price-to-income ratio"

. 
. summ benchmark_price median_income contract_rate_5yr qual_rate ///
>      max_qualified_price affordability_gap affordability_gap_pct ///
>      price_income_ratio, detail

                   (mean) benchmark_price
-------------------------------------------------------------
      Percentiles      Smallest
 1%       127300         121800
 5%       170300         125200
10%       198600         127300       Obs                 288
25%       284250         131900       Sum of wgt.         288

50%       388750                      Mean           451334.4
                        Largest       Std. dev.      227769.4
75%       587550        1107600
90%       784600        1168600       Variance       5.19e+10
95%       906100        1171600       Skewness       .9951001
99%      1168600        1203900       Kurtosis        3.58749

                    (mean) median_income
-------------------------------------------------------------
      Percentiles      Smallest
 1%        73380          70260
 5%        78120          73250
10%        80920          73380       Obs                 288
25%        86925          75080       Sum of wgt.         288

50%        94975                      Mean           95177.12
                        Largest       Std. dev.       11121.2
75%       102800         121850
90%       109720         122200       Variance       1.24e+08
95%       113660         125660       Skewness       .2676091
99%       122200         131390       Kurtosis       2.687681

     BoC posted 5-yr conventional mortgage rate, annual
                           avg (%)
-------------------------------------------------------------
      Percentiles      Smallest
 1%     4.657308       4.657308
 5%     4.657308       4.657308
10%     4.657308       4.657308       Obs                 288
25%       4.7775       4.657308       Sum of wgt.         288

50%     5.107217                      Mean            5.25416
                        Largest       Std. dev.      .6243041
75%     5.461154       6.684231
90%     6.684231       6.684231       Variance       .3897556
95%     6.684231       6.684231       Skewness       1.306205
99%     6.684231       6.684231       Kurtosis       3.684444

     Mortgage qualifying rate: max(contract+2pp, 5.25%)
-------------------------------------------------------------
      Percentiles      Smallest
 1%     6.657308       6.657308
 5%     6.657308       6.657308
10%     6.657308       6.657308       Obs                 288
25%       6.7775       6.657308       Sum of wgt.         288

50%     7.107217                      Mean            7.25416
                        Largest       Std. dev.      .6243041
75%     7.461154       8.684231
90%     8.684231       8.684231       Variance       .3897556
95%     8.684231       8.684231       Skewness       1.306205
99%     8.684231       8.684231       Kurtosis       3.684445

            Mortgage-qualified maximum home price
-------------------------------------------------------------
      Percentiles      Smallest
 1%     434577.8       420130.1
 5%     459264.3       432742.1
10%     468493.4       434577.8       Obs                 288
25%       496611       438009.2       Sum of wgt.         288

50%     535925.4                      Mean           539547.3
                        Largest       Std. dev.      55678.39
75%     577937.1       661158.6
90%     613153.1       686427.8       Variance       3.10e+09
95%     632587.9       688835.9       Skewness         .29733
99%     686427.8       722092.1       Kurtosis       2.581507

           ln(benchmark) - ln(max qualified price)
-------------------------------------------------------------
      Percentiles      Smallest
 1%     -1.27986      -1.280202
 5%    -1.068255      -1.279864
10%    -.9056603       -1.27986       Obs                 288
25%    -.6567935      -1.252372       Sum of wgt.         288

50%    -.3282996                      Mean          -.2962523
                        Largest       Std. dev.      .4781804
75%     .0305285       .7530999
90%     .3608236       .7615789       Variance       .2286565
95%     .4861817       .7707664       Skewness       .1437228
99%     .7615789       .7896781       Kurtosis       2.354167

               Affordability gap, percent form
-------------------------------------------------------------
      Percentiles      Smallest
 1%    -.7219236      -.7220188
 5%    -.6563923      -.7219248
10%    -.5957252      -.7219236       Obs                 288
25%    -.4814883      -.7141741       Sum of wgt.         288

50%    -.2798452                      Mean          -.1657394
                        Largest       Std. dev.      .4171099
75%      .031011       1.123573
90%     .4345104       1.141655       Variance       .1739806
95%     .6260954       1.161422       Skewness       1.111618
99%     1.141655       1.202687       Kurtosis       3.865793

               Benchmark price-to-income ratio
-------------------------------------------------------------
      Percentiles      Smallest
 1%      1.62871       1.619001
 5%     2.016568       1.620086
10%     2.346989        1.62871       Obs                 288
25%     2.971063       1.646285       Sum of wgt.         288

50%     4.141385                      Mean           4.708016
                        Largest       Std. dev.      2.288562
75%     5.869746          11.74
90%     8.129553       11.79359       Variance       5.237515
95%      9.49412       11.81917       Skewness       1.092759
99%     11.79359       12.07457       Kurtosis       3.823703

. 
. * Sanity: no implausible affordability gaps (|log gap| > 2 would be ~7x mispricing).
. capture assert abs(affordability_gap) < 2 if !missing(affordability_gap)

. if _rc {
.     display as error "*** Implausible affordability_gap (|log gap| > 2). Inspect below. ***
> "
.     list cma_name year benchmark_price median_income affordability_gap ///
>         if abs(affordability_gap) >= 2
.     exit 459
. }

. 
. save "$panel_out", replace
file C:\Users\Dell\OneDrive - Wilfrid Laurier University\Spring - 2026\EC 481\Term
    paper\Tran_EC481_submission\code_Tran\data/clean/core_affordability_panel_expanded_Tran
    > .dta saved

. 
. 
. * ---------- (f) Pre-2022 exposure and terciles -----------------------------
. use "$panel_out", clear

. 
. * Raw exposure: average 2016-2021 P/I
. egen pre_exposure_raw = mean(cond(inrange(year, 2016, 2021), ///
>     price_income_ratio, .)), by(market_id)

. label var pre_exposure_raw "Avg 2016-2021 benchmark-price-to-income ratio"

. 
. * Standardize across markets in the active sample (use one-per-market tag)
. egen tag_market = tag(market_id)

. summ pre_exposure_raw if tag_market == 1

    Variable |        Obs        Mean    Std. dev.       Min        Max
-------------+---------------------------------------------------------
pre_exposu~w |         36    4.384215    2.048219   1.701522   10.77362

. local m = r(mean)

. local s = r(sd)

. gen pre_exposure_z = (pre_exposure_raw - `m') / `s'

. label var pre_exposure_z "Standardized pre-2022 price-to-income exposure"

. 
. * Terciles
. xtile exposure_tercile_temp = pre_exposure_raw if tag_market == 1, nq(3)

. bysort market_id: egen exposure_tercile = max(exposure_tercile_temp)

. drop exposure_tercile_temp

. label define expterc 1 "Low pre-exposure" 2 "Middle pre-exposure" 3 "High pre-exposure", re
> place

. label values exposure_tercile expterc

. 
. tab exposure_tercile if tag_market == 1

   exposure_tercile |      Freq.     Percent        Cum.
--------------------+-----------------------------------
   Low pre-exposure |         12       33.33       33.33
Middle pre-exposure |         12       33.33       66.67
  High pre-exposure |         12       33.33      100.00
--------------------+-----------------------------------
              Total |         36      100.00

. summ pre_exposure_raw pre_exposure_z if tag_market == 1, detail

        Avg 2016-2021 benchmark-price-to-income ratio
-------------------------------------------------------------
      Percentiles      Smallest
 1%     1.701522       1.701522
 5%     1.970889       1.970889
10%     2.109519       2.078561       Obs                  36
25%       2.8508       2.109519       Sum of wgt.          36

50%     3.987605                      Mean           4.384215
                        Largest       Std. dev.      2.048219
75%     5.257081       6.298669
90%     6.298669       8.786791       Variance       4.195203
95%     9.146307       9.146307       Skewness       1.272483
99%     10.77362       10.77362       Kurtosis        4.67949

       Standardized pre-2022 price-to-income exposure
-------------------------------------------------------------
      Percentiles      Smallest
 1%    -1.309768      -1.309768
 5%    -1.178255      -1.178255
10%    -1.110572      -1.125687       Obs                  36
25%    -.7486573      -1.110572       Sum of wgt.          36

50%    -.1936361                      Mean           5.28e-09
                        Largest       Std. dev.             1
75%     .4261584       .9346923
90%     .9346923       2.149465       Variance              1
95%     2.324991       2.324991       Skewness       1.272483
99%     3.119494       3.119494       Kurtosis        4.67949

. list cma_name province pre_exposure_raw pre_exposure_z exposure_tercile ///
>     if tag_market == 1, sepby(exposure_tercile)

     +--------------------------------------------------------------------+
  1. |                         cma_name | province | pre_ex~w | pre_exp~z |
     |             Abbotsford - Mission |       BC | 8.786791 |  2.149465 |
     |--------------------------------------------------------------------|
     |                           exposure_tercile                         |
     |                          High pre-exposure                         |
     +--------------------------------------------------------------------+

     +--------------------------------------------------------------------+
  9. |                         cma_name | province | pre_ex~w | pre_exp~z |
     |                           Barrie |       ON | 5.572135 |  .5799773 |
     |--------------------------------------------------------------------|
     |                           exposure_tercile                         |
     |                          High pre-exposure                         |
     +--------------------------------------------------------------------+

     +--------------------------------------------------------------------+
 17. |                         cma_name | province | pre_ex~w | pre_exp~z |
     |         Belleville - Quinte West |       ON | 3.822675 | -.2741598 |
     |--------------------------------------------------------------------|
     |                           exposure_tercile                         |
     |                        Middle pre-exposure                         |
     +--------------------------------------------------------------------+

     +--------------------------------------------------------------------+
 25. |                         cma_name | province | pre_ex~w | pre_exp~z |
     |                        Brantford |       ON | 5.249758 |  .4225833 |
     |--------------------------------------------------------------------|
     |                           exposure_tercile                         |
     |                          High pre-exposure                         |
     +--------------------------------------------------------------------+

     +--------------------------------------------------------------------+
 33. |                         cma_name | province | pre_ex~w | pre_exp~z |
     |                          Calgary |       AB | 4.009364 | -.1830131 |
     |--------------------------------------------------------------------|
     |                           exposure_tercile                         |
     |                        Middle pre-exposure                         |
     +--------------------------------------------------------------------+

     +--------------------------------------------------------------------+
 41. |                         cma_name | province | pre_ex~w | pre_exp~z |
     |                       Chilliwack |       BC | 6.043176 |  .8099529 |
     |--------------------------------------------------------------------|
     |                           exposure_tercile                         |
     |                          High pre-exposure                         |
     +--------------------------------------------------------------------+

     +--------------------------------------------------------------------+
 49. |                         cma_name | province | pre_ex~w | pre_exp~z |
     |                    Drummondville |       QC | 1.970889 | -1.178255 |
     |--------------------------------------------------------------------|
     |                           exposure_tercile                         |
     |                           Low pre-exposure                         |
     +--------------------------------------------------------------------+

     +--------------------------------------------------------------------+
 57. |                         cma_name | province | pre_ex~w | pre_exp~z |
     |                         Edmonton |       AB | 3.366578 | -.4968396 |
     |--------------------------------------------------------------------|
     |                           exposure_tercile                         |
     |                        Middle pre-exposure                         |
     +--------------------------------------------------------------------+

     +--------------------------------------------------------------------+
 65. |                         cma_name | province | pre_ex~w | pre_exp~z |
     |                      Fredericton |       NB | 2.109519 | -1.110572 |
     |--------------------------------------------------------------------|
     |                           exposure_tercile                         |
     |                           Low pre-exposure                         |
     +--------------------------------------------------------------------+

     +--------------------------------------------------------------------+
 73. |                         cma_name | province | pre_ex~w | pre_exp~z |
     |  Greater Sudbury / Grand Sudbury |       ON | 2.852184 | -.7479815 |
     |--------------------------------------------------------------------|
     |                           exposure_tercile                         |
     |                           Low pre-exposure                         |
     +--------------------------------------------------------------------+

     +--------------------------------------------------------------------+
 81. |                         cma_name | province | pre_ex~w | pre_exp~z |
     |                           Guelph |       ON | 5.356004 |  .4744556 |
     |--------------------------------------------------------------------|
     |                           exposure_tercile                         |
     |                          High pre-exposure                         |
     +--------------------------------------------------------------------+

     +--------------------------------------------------------------------+
 89. |                         cma_name | province | pre_ex~w | pre_exp~z |
     |                          Halifax |       NS | 3.355982 | -.5020128 |
     |--------------------------------------------------------------------|
     |                           exposure_tercile                         |
     |                        Middle pre-exposure                         |
     +--------------------------------------------------------------------+

     +--------------------------------------------------------------------+
 97. |                         cma_name | province | pre_ex~w | pre_exp~z |
     |                         Hamilton |       ON | 6.079272 |  .8275762 |
     |--------------------------------------------------------------------|
     |                           exposure_tercile                         |
     |                          High pre-exposure                         |
     +--------------------------------------------------------------------+

     +--------------------------------------------------------------------+
105. |                         cma_name | province | pre_ex~w | pre_exp~z |
     |                         Kamloops |       BC | 4.881611 |  .2428433 |
     |--------------------------------------------------------------------|
     |                           exposure_tercile                         |
     |                        Middle pre-exposure                         |
     +--------------------------------------------------------------------+

     +--------------------------------------------------------------------+
113. |                         cma_name | province | pre_ex~w | pre_exp~z |
     |                          Kelowna |       BC | 5.068997 |  .3343308 |
     |--------------------------------------------------------------------|
     |                           exposure_tercile                         |
     |                          High pre-exposure                         |
     +--------------------------------------------------------------------+

     +--------------------------------------------------------------------+
121. |                         cma_name | province | pre_ex~w | pre_exp~z |
     |                         Kingston |       ON |  3.56412 | -.4003939 |
     |--------------------------------------------------------------------|
     |                           exposure_tercile                         |
     |                        Middle pre-exposure                         |
     +--------------------------------------------------------------------+

     +--------------------------------------------------------------------+
129. |                         cma_name | province | pre_ex~w | pre_exp~z |
     | Kitchener - Cambridge - Waterloo |       ON | 5.189279 |  .3930556 |
     |--------------------------------------------------------------------|
     |                           exposure_tercile                         |
     |                          High pre-exposure                         |
     +--------------------------------------------------------------------+

     +--------------------------------------------------------------------+
137. |                         cma_name | province | pre_ex~w | pre_exp~z |
     |                           London |       ON | 4.209706 |    -.0852 |
     |--------------------------------------------------------------------|
     |                           exposure_tercile                         |
     |                        Middle pre-exposure                         |
     +--------------------------------------------------------------------+

     +--------------------------------------------------------------------+
145. |                         cma_name | province | pre_ex~w | pre_exp~z |
     |                          Moncton |       NB | 2.078561 | -1.125687 |
     |--------------------------------------------------------------------|
     |                           exposure_tercile                         |
     |                           Low pre-exposure                         |
     +--------------------------------------------------------------------+

     +--------------------------------------------------------------------+
153. |                         cma_name | province | pre_ex~w | pre_exp~z |
     |                         Montréal |       QC | 3.965847 | -.2042592 |
     |--------------------------------------------------------------------|
     |                           exposure_tercile                         |
     |                        Middle pre-exposure                         |
     +--------------------------------------------------------------------+

     +--------------------------------------------------------------------+
161. |                         cma_name | province | pre_ex~w | pre_exp~z |
     |                          Nanaimo |       BC | 5.015243 |  .3080861 |
     |--------------------------------------------------------------------|
     |                           exposure_tercile                         |
     |                        Middle pre-exposure                         |
     +--------------------------------------------------------------------+

     +--------------------------------------------------------------------+
169. |                         cma_name | province | pre_ex~w | pre_exp~z |
     |                Ottawa - Gatineau |    ON/QC | 3.942714 | -.2155531 |
     |--------------------------------------------------------------------|
     |                           exposure_tercile                         |
     |                        Middle pre-exposure                         |
     +--------------------------------------------------------------------+

     +--------------------------------------------------------------------+
177. |                         cma_name | province | pre_ex~w | pre_exp~z |
     |                     Peterborough |       ON | 4.633005 |  .1214667 |
     |--------------------------------------------------------------------|
     |                           exposure_tercile                         |
     |                        Middle pre-exposure                         |
     +--------------------------------------------------------------------+

     +--------------------------------------------------------------------+
185. |                         cma_name | province | pre_ex~w | pre_exp~z |
     |                           Québec |       QC | 2.511243 |  -.914439 |
     |--------------------------------------------------------------------|
     |                           exposure_tercile                         |
     |                           Low pre-exposure                         |
     +--------------------------------------------------------------------+

     +--------------------------------------------------------------------+
193. |                         cma_name | province | pre_ex~w | pre_exp~z |
     |                           Regina |       SK | 2.849416 | -.7493331 |
     |--------------------------------------------------------------------|
     |                           exposure_tercile                         |
     |                           Low pre-exposure                         |
     +--------------------------------------------------------------------+

     +--------------------------------------------------------------------+
201. |                         cma_name | province | pre_ex~w | pre_exp~z |
     |                       Saint John |       NB | 2.236405 | -1.048623 |
     |--------------------------------------------------------------------|
     |                           exposure_tercile                         |
     |                           Low pre-exposure                         |
     +--------------------------------------------------------------------+

     +--------------------------------------------------------------------+
209. |                         cma_name | province | pre_ex~w | pre_exp~z |
     |                        Saskatoon |       SK | 3.251971 | -.5527941 |
     |--------------------------------------------------------------------|
     |                           exposure_tercile                         |
     |                           Low pre-exposure                         |
     +--------------------------------------------------------------------+

     +--------------------------------------------------------------------+
217. |                         cma_name | province | pre_ex~w | pre_exp~z |
     |                       Sherbrooke |       QC | 2.501351 | -.9192687 |
     |--------------------------------------------------------------------|
     |                           exposure_tercile                         |
     |                           Low pre-exposure                         |
     +--------------------------------------------------------------------+

     +--------------------------------------------------------------------+
225. |                         cma_name | province | pre_ex~w | pre_exp~z |
     |         St. Catharines - Niagara |       ON | 5.264403 |  .4297336 |
     |--------------------------------------------------------------------|
     |                           exposure_tercile                         |
     |                          High pre-exposure                         |
     +--------------------------------------------------------------------+

     +--------------------------------------------------------------------+
233. |                         cma_name | province | pre_ex~w | pre_exp~z |
     |                       St. John's |       NL | 2.762076 | -.7919748 |
     |--------------------------------------------------------------------|
     |                           exposure_tercile                         |
     |                           Low pre-exposure                         |
     +--------------------------------------------------------------------+

     +--------------------------------------------------------------------+
241. |                         cma_name | province | pre_ex~w | pre_exp~z |
     |                          Toronto |       ON | 9.146307 |  2.324991 |
     |--------------------------------------------------------------------|
     |                           exposure_tercile                         |
     |                          High pre-exposure                         |
     +--------------------------------------------------------------------+

     +--------------------------------------------------------------------+
249. |                         cma_name | province | pre_ex~w | pre_exp~z |
     |                   Trois-Rivières |       QC | 1.701522 | -1.309768 |
     |--------------------------------------------------------------------|
     |                           exposure_tercile                         |
     |                           Low pre-exposure                         |
     +--------------------------------------------------------------------+

     +--------------------------------------------------------------------+
257. |                         cma_name | province | pre_ex~w | pre_exp~z |
     |                        Vancouver |       BC | 10.77362 |  3.119494 |
     |--------------------------------------------------------------------|
     |                           exposure_tercile                         |
     |                          High pre-exposure                         |
     +--------------------------------------------------------------------+

     +--------------------------------------------------------------------+
265. |                         cma_name | province | pre_ex~w | pre_exp~z |
     |                         Victoria |       BC | 6.298669 |  .9346923 |
     |--------------------------------------------------------------------|
     |                           exposure_tercile                         |
     |                          High pre-exposure                         |
     +--------------------------------------------------------------------+

     +--------------------------------------------------------------------+
273. |                         cma_name | province | pre_ex~w | pre_exp~z |
     |                          Windsor |       ON | 4.260987 | -.0601634 |
     |--------------------------------------------------------------------|
     |                           exposure_tercile                         |
     |                        Middle pre-exposure                         |
     +--------------------------------------------------------------------+

     +--------------------------------------------------------------------+
281. |                         cma_name | province | pre_ex~w | pre_exp~z |
     |                         Winnipeg |       MB |  3.15034 | -.6024132 |
     |--------------------------------------------------------------------|
     |                           exposure_tercile                         |
     |                           Low pre-exposure                         |
     +--------------------------------------------------------------------+

. drop tag_market

. 
. xtset market_id year

Panel variable: market_id (strongly balanced)
 Time variable: year, 2016 to 2023
         Delta: 1 unit

. save "$panel_out", replace
file C:\Users\Dell\OneDrive - Wilfrid Laurier University\Spring - 2026\EC 481\Term
    paper\Tran_EC481_submission\code_Tran\data/clean/core_affordability_panel_expanded_Tran
    > .dta saved

. 
end of do-file

. global sample_mode "baseline"          // reset for downstream defaults

. 
. * --- 3. Descriptives (36-CMA sample only) -----------------------------------
. * Only the final 36-CMA figures and summary table are written to disk. Earlier
. * builds produced both 31- and 36-market versions; we drop the 31-market figures
. * so the output folder contains one clean, current set.
. global fig_sample_mode "expanded"

. do "$dofiles/08_figures_tables.do"     // Summary stats + 4 figures (36 CMAs)

. *==============================================================================
. * 08_figures_tables.do  --  Summary stats and four descriptive figures
. *------------------------------------------------------------------------------
. * SAMPLE TOGGLE (mirrors 07_build_panel.do)
. *   global fig_sample_mode controls which panel is used and how outputs are
. *   named. Set before calling (00_master.do sets it, calling this file twice).
. *     "expanded" -> core_affordability_panel_expanded_Tran.dta -> *_Tran.* (36 CMAs)
. *     "baseline" -> core_affordability_panel_Tran.dta          -> *_baseline31_Tran.*
. *------------------------------------------------------------------------------
. * Output (36-CMA, the default this pipeline uses):
. *   $output/summary_stats_presentation.xlsx
. *   $output/fig1_gap_by_exposure_tercile_Tran.png ... fig4_..., qual_rate_path.png
. *   $output/Graph_Log_affordability_gap_over_time_Tran.pdf
. *==============================================================================
. 
. if "$fig_sample_mode" == "" global fig_sample_mode "baseline"

. 
. if "$fig_sample_mode" == "expanded" {
.     capture confirm file "$clean/core_affordability_panel_expanded_Tran.dta"
.     if _rc {
.         display as error "Expanded panel not found; run 07_build_panel.do (expanded) first.
>  Falling back to baseline."
.         global fig_sample_mode "baseline"
.     }
. }

. 
. if "$fig_sample_mode" == "expanded" {
.     global panel_in   "$clean/core_affordability_panel_expanded_Tran.dta"
.     global fig_suffix ""
.     global fig_nmkt    "36"
. }

. else {
.     global panel_in   "$clean/core_affordability_panel_Tran.dta"
.     global fig_suffix "_baseline31"
.     global fig_nmkt    "31"
. }

. display as text "Building figures/tables in fig_sample_mode = $fig_sample_mode"
Building figures/tables in fig_sample_mode = expanded

. 
. * -------------------------- Summary stats -----------------------------------
. use "$panel_in", clear

. 
. local vars benchmark_price median_income contract_rate_5yr qual_rate ///
>            max_qualified_price affordability_gap affordability_gap_pct ///
>            price_income_ratio pre_exposure_z

. 
. tempname memhold

. tempfile summary_stats

. postfile `memhold' str40 variable double N mean sd min p50 max ///
>     using `summary_stats', replace
(file C:\Users\Dell\AppData\Local\Temp\ST_2828_000001.tmp not found)

. foreach v of local vars {
  2.     quietly summ `v', detail
  3.     post `memhold' ("`v'") (r(N)) (r(mean)) (r(sd)) ///
>         (r(min)) (r(p50)) (r(max))
  4. }

. postclose `memhold'

. 
. use `summary_stats', clear

. export excel using "$output/summary_stats_presentation${fig_suffix}.xlsx", ///
>     firstrow(variables) replace
file C:\Users\Dell\OneDrive - Wilfrid Laurier University\Spring - 2026\EC 481\Term paper\Tran
> _EC481_submission\code_Tran\data/output/summary_stats_presentation.xlsx saved

. list, noobs

  +---------------------------------------------------------------------------------------+
  |              variable     N        mean         sd         min         p50        max |
  |---------------------------------------------------------------------------------------|
  |       benchmark_price   288    451334.4   227769.4      121800      388750    1203900 |
  |         median_income   288    95177.12    11121.2       70260       94975     131390 |
  |     contract_rate_5yr   288     5.25416   .6243041    4.657308    5.107217   6.684231 |
  |             qual_rate   288     7.25416   .6243041    6.657308    7.107217   8.684231 |
  |   max_qualified_price   288    539547.3   55678.39    420130.1    535925.4   722092.1 |
  |---------------------------------------------------------------------------------------|
  |     affordability_gap   288   -.2962523   .4781804   -1.280202   -.3282996   .7896781 |
  | affordability_gap_pct   288   -.1657394   .4171098   -.7220188   -.2798452   1.202687 |
  |    price_income_ratio   288    4.708016   2.288562    1.619001    4.141385   12.07457 |
  |        pre_exposure_z   288    5.28e-09   .9877296   -1.309768   -.1936361   3.119494 |
  +---------------------------------------------------------------------------------------+

. 
. 
. * -------------------------- Fig 1: gap by tercile ---------------------------
. use "$panel_in", clear

. preserve

.     collapse (mean) mean_gap = affordability_gap, by(year exposure_tercile)

.     twoway ///
>         (line mean_gap year if exposure_tercile == 1, sort) ///
>         (line mean_gap year if exposure_tercile == 2, sort) ///
>         (line mean_gap year if exposure_tercile == 3, sort), ///
>         xline(2022, lpattern(dash)) yline(0, lpattern(dot)) ///
>         legend(order(1 "Low pre-exposure" 2 "Middle pre-exposure" 3 "High pre-exposure")) /
> //
>         title("Affordability Gap Over Time by Pre-2022 Exposure") ///
>         subtitle("$fig_nmkt Canadian CMAs, T1FF median family income, 2016-2023") ///
>         xtitle("Year") ytitle("Average affordability gap") ///
>         graphregion(color(white))

.     graph export "$output/fig1_gap_by_exposure_tercile${fig_suffix}_Tran.png", replace widt
> h(2400)
(file C:\Users\Dell\OneDrive - Wilfrid Laurier University\Spring - 2026\EC 481\Term
    paper\Tran_EC481_submission\code_Tran\data/output/fig1_gap_by_exposure_tercile_Tran.png
    not found)
file C:\Users\Dell\OneDrive - Wilfrid Laurier University\Spring - 2026\EC 481\Term
    paper\Tran_EC481_submission\code_Tran\data/output/fig1_gap_by_exposure_tercile_Tran.png
    saved as PNG format

. restore

. 
. 
. * -------------------------- Fig 2: gap relative to 2021 ---------------------
. use "$panel_in", clear

. bysort market_id: egen gap_2021 = max(cond(year == 2021, affordability_gap, .))

. gen gap_relative_2021 = affordability_gap - gap_2021

. label var gap_relative_2021 "Affordability gap relative to 2021"

. 
. preserve

.     collapse (mean) mean_gap_rel2021 = gap_relative_2021, by(year exposure_tercile)

.     twoway ///
>         (line mean_gap_rel2021 year if exposure_tercile == 1, sort) ///
>         (line mean_gap_rel2021 year if exposure_tercile == 2, sort) ///
>         (line mean_gap_rel2021 year if exposure_tercile == 3, sort), ///
>         xline(2022, lpattern(dash)) yline(0, lpattern(dot)) ///
>         legend(order(1 "Low pre-exposure" 2 "Middle pre-exposure" 3 "High pre-exposure")) /
> //
>         title("Change in Affordability Gap Relative to 2021") ///
>         subtitle("Market-level gap normalized to zero in 2021") ///
>         xtitle("Year") ytitle("Average change from 2021") ///
>         graphregion(color(white))

.     graph export "$output/fig2_gap_relative_2021_by_tercile${fig_suffix}_Tran.png", replace
>  width(2400)
(file C:\Users\Dell\OneDrive - Wilfrid Laurier University\Spring - 2026\EC 481\Term
    paper\Tran_EC481_submission\code_Tran\data/output/fig2_gap_relative_2021_by_tercile_Tra
    > n.png not found)
file C:\Users\Dell\OneDrive - Wilfrid Laurier University\Spring - 2026\EC 481\Term
    paper\Tran_EC481_submission\code_Tran\data/output/fig2_gap_relative_2021_by_tercile_Tra
    > n.png saved as PNG format

. restore

. 
. 
. * -------------------------- Fig 3: scatter (long diff) ----------------------
. use "$panel_in", clear

. capture drop gap_2021

. capture drop gap_2023

. capture drop post_gap_change

. capture drop tag_market

. bysort market_id: egen gap_2021 = max(cond(year == 2021, affordability_gap, .))

. bysort market_id: egen gap_2023 = max(cond(year == 2023, affordability_gap, .))

. gen post_gap_change = gap_2023 - gap_2021

. label var post_gap_change "2023 affordability gap minus 2021 gap"

. 
. egen tag_market = tag(market_id)

. 
. * Diagnostics
. count if tag_market == 1
  36

. count if tag_market == 1 & !missing(pre_exposure_z, post_gap_change)
  36

. summ pre_exposure_z post_gap_change if tag_market == 1, detail

       Standardized pre-2022 price-to-income exposure
-------------------------------------------------------------
      Percentiles      Smallest
 1%    -1.309768      -1.309768
 5%    -1.178255      -1.178255
10%    -1.110572      -1.125687       Obs                  36
25%    -.7486573      -1.110572       Sum of wgt.          36

50%    -.1936361                      Mean           5.28e-09
                        Largest       Std. dev.             1
75%     .4261584       .9346923
90%     .9346923       2.149465       Variance              1
95%     2.324991       2.324991       Skewness       1.272483
99%     3.119494       3.119494       Kurtosis        4.67949

            2023 affordability gap minus 2021 gap
-------------------------------------------------------------
      Percentiles      Smallest
 1%     .0921245       .0921245
 5%     .0942959       .0942959
10%     .1107214       .0991436       Obs                  36
25%     .1297479       .1107214       Sum of wgt.          36

50%     .1697656                      Mean           .1873595
                        Largest       Std. dev.      .0743116
75%     .2222654       .2987639
90%     .2987639       .3454737       Variance       .0055222
95%     .3493603       .3493603       Skewness       .8448758
99%     .3570145       .3570145       Kurtosis       2.827451

. 
. twoway ///
>     (scatter post_gap_change pre_exposure_z if tag_market == 1, ///
>         mlabel(cma_name) mlabsize(tiny)) ///
>     (lfit post_gap_change pre_exposure_z if tag_market == 1), ///
>     yline(0, lpattern(dot)) xline(0, lpattern(dot)) ///
>     title("Pre-2022 Exposure and Affordability Deterioration") ///
>     subtitle("Change from 2021 to 2023, actual T1FF income") ///
>     xtitle("Standardized pre-2022 price-to-income exposure") ///
>     ytitle("Change in affordability gap, 2023 minus 2021") ///
>     legend(order(1 "CMA/proxy market" 2 "Linear fit")) ///
>     graphregion(color(white))

. graph export "$output/fig3_exposure_vs_gap_change_2021_2023${fig_suffix}_Tran.png", replace
>  width(2400)
(file C:\Users\Dell\OneDrive - Wilfrid Laurier University\Spring - 2026\EC 481\Term
    paper\Tran_EC481_submission\code_Tran\data/output/fig3_exposure_vs_gap_change_2021_2023
    > _Tran.png not found)
file C:\Users\Dell\OneDrive - Wilfrid Laurier University\Spring - 2026\EC 481\Term
    paper\Tran_EC481_submission\code_Tran\data/output/fig3_exposure_vs_gap_change_2021_2023
    > _Tran.png saved as PNG format

. 
. * Long-difference regression (matches 2023 event-study coefficient)
. reg post_gap_change pre_exposure_z if tag_market == 1, robust

Linear regression                               Number of obs     =         36
                                                F(1, 34)          =       4.89
                                                Prob > F          =     0.0339
                                                R-squared         =     0.1872
                                                Root MSE          =     .06797

--------------------------------------------------------------------------------
               |               Robust
post_gap_cha~e | Coefficient  std. err.      t    P>|t|     [95% conf. interval]
---------------+----------------------------------------------------------------
pre_exposure_z |  -.0321504   .0145422    -2.21   0.034    -.0617038   -.0025971
         _cons |   .1873595   .0113291    16.54   0.000     .1643359    .2103831
--------------------------------------------------------------------------------

. drop tag_market

. 
. 
. * -------------------------- Fig 4: event-study gradient --------------------
. use "$panel_in", clear

. 
. tempfile betas

. tempname handle

. postfile `handle' year beta se using `betas', replace
(file C:\Users\Dell\AppData\Local\Temp\ST_2828_000004.tmp not found)

. 
. levelsof year, local(years)
2016 2017 2018 2019 2020 2021 2022 2023

. foreach y of local years {
  2.     quietly reg affordability_gap pre_exposure_z if year == `y', robust
  3.     post `handle' (`y') (_b[pre_exposure_z]) (_se[pre_exposure_z])
  4. }

. postclose `handle'

. 
. use `betas', clear

. gen ci_low  = beta - 1.96 * se

. gen ci_high = beta + 1.96 * se

. summ beta if year == 2021, meanonly

. gen beta_relative_2021    = beta    - r(mean)

. gen ci_low_relative_2021  = ci_low  - r(mean)

. gen ci_high_relative_2021 = ci_high - r(mean)

. 
. twoway ///
>     (rcap ci_low_relative_2021 ci_high_relative_2021 year) ///
>     (connected beta_relative_2021 year), ///
>     xline(2022, lpattern(dash)) yline(0, lpattern(dot)) ///
>     title("Event-Study-Style Exposure Gradient") ///
>     subtitle("Cross-sectional exposure slope, normalized to 2021") ///
>     xtitle("Year") ytitle("Exposure coefficient relative to 2021") ///
>     legend(order(1 "95% CI" 2 "Exposure gradient")) ///
>     graphregion(color(white))

. graph export "$output/fig4_event_style_exposure_gradient${fig_suffix}_Tran.png", replace wi
> dth(2400)
(file C:\Users\Dell\OneDrive - Wilfrid Laurier University\Spring - 2026\EC 481\Term
    paper\Tran_EC481_submission\code_Tran\data/output/fig4_event_style_exposure_gradient_Tr
    > an.png not found)
file C:\Users\Dell\OneDrive - Wilfrid Laurier University\Spring - 2026\EC 481\Term
    paper\Tran_EC481_submission\code_Tran\data/output/fig4_event_style_exposure_gradient_Tr
    > an.png saved as PNG format

. 
. 
. * -------------------------- Log gap over time (PDF) -------------------------
. use "$panel_in", clear

. capture drop log_gap_check

. gen log_gap_check = ln(benchmark_price) - ln(max_qualified_price)

. summ affordability_gap log_gap_check

    Variable |        Obs        Mean    Std. dev.       Min        Max
-------------+---------------------------------------------------------
affordabil~p |        288   -.2962523    .4781804  -1.280202   .7896781
log_gap_ch~k |        288   -.2962523    .4781804  -1.280202   .7896781

. 
. preserve

.     collapse (mean) mean_log_gap = affordability_gap, by(year exposure_tercile)

.     twoway ///
>         (line mean_log_gap year if exposure_tercile == 1, sort) ///
>         (line mean_log_gap year if exposure_tercile == 2, sort) ///
>         (line mean_log_gap year if exposure_tercile == 3, sort), ///
>         xline(2022, lpattern(dash)) yline(0, lpattern(dot)) ///
>         legend(order(1 "Low pre-exposure" 2 "Middle pre-exposure" 3 "High pre-exposure")) /
> //
>         title("Log Affordability Gap Over Time") ///
>         subtitle("ln(benchmark price) - ln(max qualified price), actual T1FF income") ///
>         xtitle("Year") ytitle("Average log affordability gap") ///
>         graphregion(color(white))

.     graph export "$output/Graph_Log_affordability_gap_over_time${fig_suffix}_Tran.pdf", rep
> lace
file C:\Users\Dell\OneDrive - Wilfrid Laurier University\Spring - 2026\EC 481\Term
    paper\Tran_EC481_submission\code_Tran\data/output/Graph_Log_affordability_gap_over_time
    > _Tran.pdf saved as PDF format

. restore

. 
. 
. * -------------------------- Qualifying-rate path ---------------------------
. use "$clean/mortgage_rate_annual_clean_Tran.dta", clear

. keep if inrange(year, 2016, 2023)
(0 observations deleted)

. 
. twoway ///
>     (connected contract_rate_5yr year, lpattern(dash)) ///
>     (connected qual_rate year), ///
>     xline(2022, lpattern(dash)) ///
>     legend(order(1 "BoC 5-yr posted rate" 2 "OSFI qualifying rate")) ///
>     title("Contract vs. Qualifying Mortgage Rate") ///
>     subtitle("Annual averages, 2016-2023") ///
>     xtitle("Year") ytitle("Percent") ///
>     graphregion(color(white))

. graph export "$output/qual_rate_path${fig_suffix}.png", replace width(2400)
(file C:\Users\Dell\OneDrive - Wilfrid Laurier University\Spring - 2026\EC 481\Term
    paper\Tran_EC481_submission\code_Tran\data/output/qual_rate_path.png not found)
file C:\Users\Dell\OneDrive - Wilfrid Laurier University\Spring - 2026\EC 481\Term
    paper\Tran_EC481_submission\code_Tran\data/output/qual_rate_path.png saved as PNG
    format

. 
. 
. * -------------------------- End of figures/descriptives --------------------
. * The formatted summary-statistics TABLE (paper-ready) is written once, by
. * 11_paper_outputs.do via outreg2 (tab1_summary_stats_Tran.doc). This file
. * produces only the FIGURES plus the quick-look summary_stats xlsx above, to
. * keep the output folder free of duplicate table files.
. display as text ""


. display as text "Figures written. Summary-stats TABLE is produced by 11_paper_outputs.do."
Figures written. Summary-stats TABLE is produced by 11_paper_outputs.do.

. display as text ""


. 
end of do-file

. 
. * --- 4. Regressions (baseline + expanded) ----------------------------------
. do "$dofiles/09_regressions.do"        // Baseline DiD, event study, long diff,

. *==============================================================================
. * 09_regressions.do  --  Baseline DiD, event study, long diff, wild bootstrap,
. *                        mechanisms sequence
. *------------------------------------------------------------------------------
. * Input : $clean/core_affordability_panel_Tran.dta
. * Output: stored estimates (main, eventstudy, mech_*)
. *         boottest results printed to log
. *         optional esttab table -> $output/reg_table_Tran.tex
. *==============================================================================
. 
. use "$clean/core_affordability_panel_Tran.dta", clear

. xtset market_id year

Panel variable: market_id (strongly balanced)
 Time variable: year, 2016 to 2023
         Delta: 1 unit

. 
. * -------------------------- (1) Baseline continuous-treatment DiD ----------
. * QualRate is absorbed by year FE, PreExposure by market FE; the interaction
. * is what is identified. SEs clustered by market (level of treatment
. * assignment, per DR feedback).
. 
. xtreg affordability_gap c.qual_rate#c.pre_exposure_z i.year, ///
>     fe vce(cluster market_id)

Fixed-effects (within) regression               Number of obs     =        248
Group variable: market_id                       Number of groups  =         31

R-squared:                                      Obs per group:
     Within  = 0.7610                                         min =          8
     Between = 0.9119                                         avg =        8.0
     Overall = 0.0048                                         max =          8

                                                F(8, 30)          =     109.04
corr(u_i, Xb) = -0.4608                         Prob > F          =     0.0000

                                 (Std. err. adjusted for 31 clusters in market_id)
----------------------------------------------------------------------------------
                 |               Robust
affordability_~p | Coefficient  std. err.      t    P>|t|     [95% conf. interval]
-----------------+----------------------------------------------------------------
     c.qual_rate#|
c.pre_exposure_z |   -.013573   .0149112    -0.91   0.370    -.0440258    .0168798
                 |
            year |
           2017  |   .0698378   .0148023     4.72   0.000     .0396075    .1000681
           2018  |   .1214125   .0207672     5.85   0.000     .0790002    .1638248
           2019  |   .1280446     .02681     4.78   0.000     .0732913    .1827979
           2020  |   .1386455   .0332076     4.18   0.000     .0708265    .2064646
           2021  |    .314538   .0473405     6.64   0.000     .2178559    .4112201
           2022  |   .4958369   .0533471     9.29   0.000     .3868875    .6047863
           2023  |   .4961742   .0452435    10.97   0.000     .4037747    .5885737
                 |
           _cons |  -.5422813   .0291964   -18.57   0.000    -.6019083   -.4826542
-----------------+----------------------------------------------------------------
         sigma_u |  .52142907
         sigma_e |  .10953306
             rho |  .95773832   (fraction of variance due to u_i)
----------------------------------------------------------------------------------

. estimates store main

. 
. 
. * -------------------------- (2) Event study --------------------------------
. * 2021 = base (last pre-tightening year). Pre-2022 interactions near zero
. * support parallel trends; 2022-2023 are the differential response.
. 
. xtreg affordability_gap ib2021.year##c.pre_exposure_z, ///
>     fe vce(cluster market_id)
note: pre_exposure_z omitted because of collinearity.

Fixed-effects (within) regression               Number of obs     =        248
Group variable: market_id                       Number of groups  =         31

R-squared:                                      Obs per group:
     Within  = 0.7651                                         min =          8
     Between = 0.9119                                         avg =        8.0
     Overall = 0.1315                                         max =          8

                                                F(14, 30)         =     236.45
corr(u_i, Xb) = -0.0247                         Prob > F          =     0.0000

                                      (Std. err. adjusted for 31 clusters in market_id)
---------------------------------------------------------------------------------------
                      |               Robust
    affordability_gap | Coefficient  std. err.      t    P>|t|     [95% conf. interval]
----------------------+----------------------------------------------------------------
                 year |
                2016  |   -.314538   .0477708    -6.58   0.000    -.4120989   -.2169771
                2017  |  -.2447002   .0376584    -6.50   0.000    -.3216089   -.1677916
                2018  |  -.1931255   .0306107    -6.31   0.000    -.2556409     -.13061
                2019  |  -.1864934   .0225922    -8.25   0.000    -.2326328    -.140354
                2020  |  -.1758925   .0155693   -11.30   0.000    -.2076893   -.1440957
                2022  |   .1812989   .0093139    19.47   0.000     .1622774    .2003204
                2023  |   .1816362   .0123279    14.73   0.000     .1564593     .206813
                      |
       pre_exposure_z |          0  (omitted)
                      |
year#c.pre_exposure_z |
                2016  |   -.020353   .0604787    -0.34   0.739    -.1438669    .1031609
                2017  |   .0192636   .0392106     0.49   0.627     -.060815    .0993423
                2018  |    .011557   .0341077     0.34   0.737    -.0581003    .0812142
                2019  |  -.0074865   .0233845    -0.32   0.751     -.055244     .040271
                2020  |  -.0084496    .015714    -0.54   0.595    -.0405419    .0236426
                2022  |   .0011416   .0075127     0.15   0.880    -.0142013    .0164845
                2023  |  -.0335147   .0172465    -1.94   0.061    -.0687368    .0017075
                      |
                _cons |  -.2277433   .0187719   -12.13   0.000    -.2660806   -.1894059
----------------------+----------------------------------------------------------------
              sigma_u |  .43110681
              sigma_e |  .11019222
                  rho |   .9386737   (fraction of variance due to u_i)
---------------------------------------------------------------------------------------

. estimates store eventstudy

. 
. * Joint pre-trends test: the 2016-2020 exposure INTERACTIONS are jointly zero.
. * Use testparm with the interaction-only factor syntax. Both plain "test
. * 2016.year#c..." and "test (_b[2016.year#c...]=0)" wrongly pull in the large
. * year MAIN effects, producing a spurious F ~ 28. testparm with the
. * "i(2016/2020).year#c.pre_exposure_z" pattern tests ONLY the interactions.
. testparm i(2016/2020).year#c.pre_exposure_z

 ( 1)  2016.year#c.pre_exposure_z = 0
 ( 2)  2017.year#c.pre_exposure_z = 0
 ( 3)  2018.year#c.pre_exposure_z = 0
 ( 4)  2019.year#c.pre_exposure_z = 0
 ( 5)  2020.year#c.pre_exposure_z = 0

       F(  5,    30) =   24.76
            Prob > F =    0.0000

. 
. 
. * -------------------------- (3) Long-difference regression -----------------
. preserve

.     capture drop gap_2021

.     capture drop gap_2023

.     capture drop post_gap_change

.     capture drop tag_market

.     bysort market_id: egen gap_2021 = max(cond(year == 2021, affordability_gap, .))

.     bysort market_id: egen gap_2023 = max(cond(year == 2023, affordability_gap, .))

.     gen post_gap_change = gap_2023 - gap_2021

.     egen tag_market = tag(market_id)

.     reg post_gap_change pre_exposure_z if tag_market == 1, robust

Linear regression                               Number of obs     =         31
                                                F(1, 29)          =       3.87
                                                Prob > F          =     0.0588
                                                R-squared         =     0.2017
                                                Root MSE          =      .0678

--------------------------------------------------------------------------------
               |               Robust
post_gap_cha~e | Coefficient  std. err.      t    P>|t|     [95% conf. interval]
---------------+----------------------------------------------------------------
pre_exposure_z |  -.0335147    .017037    -1.97   0.059    -.0683592    .0013299
         _cons |   .1816362   .0121781    14.91   0.000     .1567292    .2065432
--------------------------------------------------------------------------------

.     estimates store longdiff

. restore

. 
. 
. * -------------------------- (4) Wild cluster bootstrap ---------------------
. * With only 31 clusters, conventional t-based cluster-robust p-values may
. * over-reject (Cameron, Gelbach & Miller 2008; MacKinnon & Webb 2018).
. * Bootstrap-t confidence interval with Rademacher weights, B = 9999.
. * Requires:  ssc install boottest
. 
. capture which boottest

. if _rc == 0 {
.     estimates restore main
(results main are active now)
.     boottest c.qual_rate#c.pre_exposure_z, reps(9999) cluster(market_id) ///
>         boottype(wild) weighttype(rademacher) seed(20260708)

Overriding estimator's cluster/robust settings with cluster(market_id)

Wild bootstrap-t, null imposed, 9999 replications, Wald test, clustering by market_id, bootst
> rap clustering by market_id, Rademacher weights:
  c.qual_rate#c.pre_exposure_z

                           t(30) =    -0.9122
                        Prob>|t| =     0.5373

95% confidence set for null hypothesis expression: [−.04084, .04446]
. }

. else {
.     display as text ""
.     display as text "-------------------------------------------------------"
.     display as text "  boottest not installed. Install with:"
.     display as text "     ssc install boottest, replace"
.     display as text "-------------------------------------------------------"
. }

. 
. 
. * -------------------------- (5) Mechanisms sequence ------------------------
. * EXPLORATORY only, reported as a robustness/mechanism check, NOT as the
. * primary spec. Population, labour, and housing starts are plausibly
. * post-treatment OUTCOMES of the qualifying rate (bad-controls concern), so
. * adding them can absorb part of the very effect beta measures. We therefore
. * report the baseline beta, then beta with each control added one at a time,
. * and read the CHANGE descriptively -- never as a cleaner causal estimate.
. *
. * Housing starts (ln_starts) is available for only 30 of 36 CMAs before 2023
. * (six CMAs reclassified under 2021-Census geography; see 06b_clean_controls),
. * so its column runs on a reduced sample. We print that sample size explicitly
. * so the reduced-N is transparent and never mistaken for the full panel.
. *
. * Fires only if the controls were merged into core_affordability_panel.
. 
. * Run the mechanism check on the EXPANDED 36-CMA panel (the paper's primary
. * sample), which carries the merged controls. Load it explicitly so this block
. * is correct regardless of what is in memory. Wrapped in preserve/restore so
. * the baseline panel in memory is untouched for the sections that follow.
. preserve

. capture confirm file "$clean/core_affordability_panel_expanded_Tran.dta"

. if !_rc {
.     use "$clean/core_affordability_panel_expanded_Tran.dta", clear
.     xtset market_id year

Panel variable: market_id (strongly balanced)
 Time variable: year, 2016 to 2023
         Delta: 1 unit
. }

. 
. * Baseline beta on the FULL sample, for side-by-side comparison.
. xtreg affordability_gap c.qual_rate#c.pre_exposure_z i.year, ///
>     fe vce(cluster market_id)

Fixed-effects (within) regression               Number of obs     =        288
Group variable: market_id                       Number of groups  =         36

R-squared:                                      Obs per group:
     Within  = 0.7806                                         min =          8
     Between = 0.9165                                         avg =        8.0
     Overall = 0.0125                                         max =          8

                                                F(8, 35)          =     110.72
corr(u_i, Xb) = -0.4884                         Prob > F          =     0.0000

                                 (Std. err. adjusted for 36 clusters in market_id)
----------------------------------------------------------------------------------
                 |               Robust
affordability_~p | Coefficient  std. err.      t    P>|t|     [95% conf. interval]
-----------------+----------------------------------------------------------------
     c.qual_rate#|
c.pre_exposure_z |  -.0145259   .0127839    -1.14   0.264    -.0404786    .0114268
                 |
            year |
           2017  |   .0701465   .0130708     5.37   0.000     .0436113    .0966817
           2018  |   .1249923    .018583     6.73   0.000     .0872667    .1627179
           2019  |   .1260194   .0235578     5.35   0.000     .0781944    .1738443
           2020  |   .1309579   .0290796     4.50   0.000     .0719231    .1899926
           2021  |   .3072103   .0410772     7.48   0.000     .2238191    .3906015
           2022  |   .4947243   .0460673    10.74   0.000     .4012026     .588246
           2023  |   .4945698   .0390046    12.68   0.000     .4153862    .5737534
                 |
           _cons |  -.5148298   .0253362   -20.32   0.000     -.566265   -.4633946
-----------------+----------------------------------------------------------------
         sigma_u |  .54020105
         sigma_e |  .10297407
             rho |  .96493741   (fraction of variance due to u_i)
----------------------------------------------------------------------------------

. estimates store mech_base

. display as text "Mechanism baseline: beta = " %7.4f _b[c.qual_rate#c.pre_exposure_z] ///
>     "  (N = " e(N) ", groups = " e(N_g) ")"
Mechanism baseline: beta = -0.0145  (N = 288, groups = 36)

. 
. foreach v in ln_pop unemp_rate ln_starts {
  2.     capture confirm variable `v'
  3.     if !_rc {
  4.         xtreg affordability_gap c.qual_rate#c.pre_exposure_z i.year `v', ///
>             fe vce(cluster market_id)
  5.         estimates store mech_`v'
  6.         display as text "Add `v': beta = " %7.4f _b[c.qual_rate#c.pre_exposure_z] ///
>             "  (N = " e(N) ", groups = " e(N_g) ")"
  7.         * For the reduced-sample control (starts), also report the baseline
.         * beta ON THE SAME reduced sample, so the comparison is like-for-like
.         * rather than confounded by the change in sample.
.         if "`v'" == "ln_starts" {
  8.             xtreg affordability_gap c.qual_rate#c.pre_exposure_z i.year ///
>                 if !missing(ln_starts), fe vce(cluster market_id)
  9.             estimates store mech_starts_basesample
 10.             display as text "  (same 30-CMA sample, NO control): beta = " ///
>                 %7.4f _b[c.qual_rate#c.pre_exposure_z] "  (N = " e(N) ")"
 11.         }
 12.     }
 13.     else {
 14.         display as text "Mechanism variable `v' not merged; skipped."
 15.     }
 16. }

Fixed-effects (within) regression               Number of obs     =        288
Group variable: market_id                       Number of groups  =         36

R-squared:                                      Obs per group:
     Within  = 0.8186                                         min =          8
     Between = 0.0855                                         avg =        8.0
     Overall = 0.0808                                         max =          8

                                                F(9, 35)          =      94.42
corr(u_i, Xb) = -0.9915                         Prob > F          =     0.0000

                                 (Std. err. adjusted for 36 clusters in market_id)
----------------------------------------------------------------------------------
                 |               Robust
affordability_~p | Coefficient  std. err.      t    P>|t|     [95% conf. interval]
-----------------+----------------------------------------------------------------
     c.qual_rate#|
c.pre_exposure_z |  -.0243813   .0117939    -2.07   0.046    -.0483242   -.0004385
                 |
            year |
           2017  |   .0174215    .017921     0.97   0.338      -.01896     .053803
           2018  |    .015094   .0311255     0.48   0.631     -.048094    .0782821
           2019  |   -.037715   .0437002    -0.86   0.394    -.1264312    .0510011
           2020  |  -.0773862   .0542961    -1.43   0.163    -.1876132    .0328408
           2021  |   .0669204   .0663277     1.01   0.320    -.0677321    .2015728
           2022  |   .1752518   .0879223     1.99   0.054      -.00324    .3537437
           2023  |   .0726577   .1130576     0.64   0.525    -.1568614    .3021768
                 |
          ln_pop |    3.32074   .8454683     3.93   0.000     1.604348    5.037131
           _cons |  -42.74235   10.75342    -3.97   0.000    -64.57296   -20.91174
-----------------+----------------------------------------------------------------
         sigma_u |   3.494371
         sigma_e |  .09382747
             rho |  .99927954   (fraction of variance due to u_i)
----------------------------------------------------------------------------------
Add ln_pop: beta = -0.0244  (N = 288, groups = 36)

Fixed-effects (within) regression               Number of obs     =        286
Group variable: market_id                       Number of groups  =         36

R-squared:                                      Obs per group:
     Within  = 0.7824                                         min =          7
     Between = 0.8777                                         avg =        7.9
     Overall = 0.0339                                         max =          8

                                                F(9, 35)          =      91.35
corr(u_i, Xb) = -0.5548                         Prob > F          =     0.0000

                                 (Std. err. adjusted for 36 clusters in market_id)
----------------------------------------------------------------------------------
                 |               Robust
affordability_~p | Coefficient  std. err.      t    P>|t|     [95% conf. interval]
-----------------+----------------------------------------------------------------
     c.qual_rate#|
c.pre_exposure_z |  -.0175681   .0128402    -1.37   0.180    -.0436351    .0084989
                 |
            year |
           2017  |   .0772606   .0150403     5.14   0.000     .0467271    .1077941
           2018  |   .1421384   .0259776     5.47   0.000     .0894011    .1948757
           2019  |   .1454486   .0325202     4.47   0.000     .0794291    .2114681
           2020  |   .0908011    .040518     2.24   0.031     .0085451    .1730571
           2021  |   .3012114   .0391516     7.69   0.000     .2217294    .3806934
           2022  |   .5251201   .0577623     9.09   0.000     .4078564    .6423839
           2023  |   .5224602   .0506943    10.31   0.000     .4195454     .625375
                 |
      unemp_rate |   .0161164   .0142911     1.13   0.267     -.012896    .0451289
           _cons |  -.6220306   .1044361    -5.96   0.000    -.8340472   -.4100141
-----------------+----------------------------------------------------------------
         sigma_u |  .56224305
         sigma_e |  .10277869
             rho |  .96766427   (fraction of variance due to u_i)
----------------------------------------------------------------------------------
Add unemp_rate: beta = -0.0176  (N = 286, groups = 36)

Fixed-effects (within) regression               Number of obs     =        246
Group variable: market_id                       Number of groups  =         36

R-squared:                                      Obs per group:
     Within  = 0.7628                                         min =          1
     Between = 0.1350                                         avg =        6.8
     Overall = 0.0068                                         max =          8

                                                F(9, 35)          =      68.62
corr(u_i, Xb) = -0.3359                         Prob > F          =     0.0000

                                 (Std. err. adjusted for 36 clusters in market_id)
----------------------------------------------------------------------------------
                 |               Robust
affordability_~p | Coefficient  std. err.      t    P>|t|     [95% conf. interval]
-----------------+----------------------------------------------------------------
     c.qual_rate#|
c.pre_exposure_z |  -.0130594   .0136969    -0.95   0.347    -.0408657    .0147469
                 |
            year |
           2017  |   .0568706   .0182257     3.12   0.004     .0198705    .0938708
           2018  |   .1105336   .0218846     5.05   0.000     .0661054    .1549617
           2019  |   .1092611   .0279481     3.91   0.000     .0525233    .1659988
           2020  |   .1123425   .0349296     3.22   0.003     .0414316    .1832534
           2021  |   .2652533   .0530852     5.00   0.000     .1574845     .373022
           2022  |   .4514412   .0587297     7.69   0.000     .3322135    .5706689
           2023  |   .4566606    .049772     9.18   0.000     .3556181    .5577031
                 |
       ln_starts |   .0810287   .0427078     1.90   0.066    -.0056729    .1677302
           _cons |  -1.105439   .3165557    -3.49   0.001    -1.748081   -.4627964
-----------------+----------------------------------------------------------------
         sigma_u |  .50034032
         sigma_e |  .10663048
             rho |  .95655482   (fraction of variance due to u_i)
----------------------------------------------------------------------------------
Add ln_starts: beta = -0.0131  (N = 246, groups = 36)

Fixed-effects (within) regression               Number of obs     =        246
Group variable: market_id                       Number of groups  =         36

R-squared:                                      Obs per group:
     Within  = 0.7531                                         min =          1
     Between = 0.2437                                         avg =        6.8
     Overall = 0.0136                                         max =          8

                                                F(8, 35)          =      91.65
corr(u_i, Xb) = -0.4917                         Prob > F          =     0.0000

                                 (Std. err. adjusted for 36 clusters in market_id)
----------------------------------------------------------------------------------
                 |               Robust
affordability_~p | Coefficient  std. err.      t    P>|t|     [95% conf. interval]
-----------------+----------------------------------------------------------------
     c.qual_rate#|
c.pre_exposure_z |  -.0138761   .0140874    -0.99   0.331     -.042475    .0147228
                 |
            year |
           2017  |   .0674317   .0145826     4.62   0.000     .0378275    .0970358
           2018  |   .1164217   .0199796     5.83   0.000      .075861    .1569825
           2019  |   .1185942   .0266825     4.44   0.000     .0644258    .1727626
           2020  |   .1256436   .0332612     3.78   0.001     .0581197    .1931674
           2021  |   .2977401   .0471869     6.31   0.000     .2019456    .3935345
           2022  |   .4794486   .0531637     9.02   0.000     .3715207    .5873766
           2023  |   .4802409   .0455421    10.54   0.000     .3877855    .5726963
                 |
           _cons |  -.4896785   .0288654   -16.96   0.000    -.5482784   -.4310785
-----------------+----------------------------------------------------------------
         sigma_u |  .53249293
         sigma_e |  .10850481
             rho |  .96013404   (fraction of variance due to u_i)
----------------------------------------------------------------------------------
  (same 30-CMA sample, NO control): beta = -0.0139  (N = 246)

. 
. * Compact table of the mechanism sequence for the log / paper appendix.
. capture which esttab

. if _rc == 0 {
.     esttab mech_base mech_ln_pop mech_unemp_rate mech_starts_basesample mech_ln_starts, ///
>         keep(c.qual_rate#c.pre_exposure_z ln_pop unemp_rate ln_starts) ///
>         b(4) se(4) star(* 0.10 ** 0.05 *** 0.01) ///
>         mtitles("Base(36)" "+lnPop(36)" "+Unemp(36)" "Base(30)" "+lnStarts(30)") ///
>         title("Mechanism/robustness controls -- exploratory, not primary")

Mechanism/robustness controls -- exploratory, not primary
--------------------------------------------------------------------------------------------
                      (1)             (2)             (3)             (4)             (5)   
                 Base(36)      +lnPop(36)      +Unemp(36)        Base(30)    +lnStart~30)   
--------------------------------------------------------------------------------------------
c.qual_rat~z      -0.0145         -0.0244**       -0.0176         -0.0139         -0.0131   
                 (0.0128)        (0.0118)        (0.0128)        (0.0141)        (0.0137)   

ln_pop                             3.3207***                                                
                                 (0.8455)                                                   

unemp_rate                                         0.0161                                   
                                                 (0.0143)                                   

ln_starts                                                                          0.0810*  
                                                                                 (0.0427)   
--------------------------------------------------------------------------------------------
N                     288             288             286             246             246   
--------------------------------------------------------------------------------------------
Standard errors in parentheses
* p<0.10, ** p<0.05, *** p<0.01
. }

. restore

. 
. * -------------------------- (6) Robustness: drop Vancouver -----------------
. * Vancouver is the exposure outlier (z = 3.26). Re-estimate without it to
. * see whether the long-difference slope is leverage-driven.
. preserve

.     drop if cma_name == "Vancouver"
(8 observations deleted)

.     xtreg affordability_gap c.qual_rate#c.pre_exposure_z i.year, ///
>         fe vce(cluster market_id)

Fixed-effects (within) regression               Number of obs     =        240
Group variable: market_id                       Number of groups  =         30

R-squared:                                      Obs per group:
     Within  = 0.7781                                         min =          8
     Between = 0.9387                                         avg =        8.0
     Overall = 0.2516                                         max =          8

                                                F(8, 29)          =      96.81
corr(u_i, Xb) = 0.0966                          Prob > F          =     0.0000

                                 (Std. err. adjusted for 30 clusters in market_id)
----------------------------------------------------------------------------------
                 |               Robust
affordability_~p | Coefficient  std. err.      t    P>|t|     [95% conf. interval]
-----------------+----------------------------------------------------------------
     c.qual_rate#|
c.pre_exposure_z |   .0031966   .0171877     0.19   0.854    -.0319563    .0383494
                 |
            year |
           2017  |    .071954   .0149632     4.81   0.000     .0413509    .1025572
           2018  |   .1254781   .0204039     6.15   0.000     .0837473    .1672088
           2019  |   .1373314   .0256442     5.36   0.000     .0848832    .1897797
           2020  |   .1498028   .0321383     4.66   0.000     .0840725     .215533
           2021  |   .3283778   .0466701     7.04   0.000     .2329267    .4238289
           2022  |   .5103184   .0521931     9.78   0.000     .4035716    .6170652
           2023  |   .5104362    .043137    11.83   0.000     .4222112    .5986613
                 |
           _cons |  -.5807601   .0336965   -17.24   0.000    -.6496771   -.5118431
-----------------+----------------------------------------------------------------
         sigma_u |  .37514452
         sigma_e |  .10699931
             rho |  .92476881   (fraction of variance due to u_i)
----------------------------------------------------------------------------------

.     estimates store main_novan

. restore

. 
. 
. * -------------------------- (7) Expanded 36-CMA sample ------------------
. * Reads the expanded panel built by 04b_expand_sample.do + 07 (expanded mode).
. * Markets sharing a CREA board (Kelowna & Kamloops on INTERIOR_BC) share a
. * cluster, so cluster on cluster_id, NOT market_id. This is the honest
. * inference level once shared-HPI proxies enter the sample.
. capture confirm file "$clean/core_affordability_panel_expanded_Tran.dta"

. if _rc == 0 {
.     preserve
.         use "$clean/core_affordability_panel_expanded_Tran.dta", clear
.         xtset market_id year

Panel variable: market_id (strongly balanced)
 Time variable: year, 2016 to 2023
         Delta: 1 unit
. 
.         * Expanded baseline, clustered by board
.         xtreg affordability_gap c.qual_rate#c.pre_exposure_z i.year, ///
>             fe vce(cluster cluster_id)

Fixed-effects (within) regression               Number of obs     =        288
Group variable: market_id                       Number of groups  =         36

R-squared:                                      Obs per group:
     Within  = 0.7806                                         min =          8
     Between = 0.9165                                         avg =        8.0
     Overall = 0.0125                                         max =          8

                                                F(8, 34)          =     110.25
corr(u_i, Xb) = -0.4884                         Prob > F          =     0.0000

                                (Std. err. adjusted for 35 clusters in cluster_id)
----------------------------------------------------------------------------------
                 |               Robust
affordability_~p | Coefficient  std. err.      t    P>|t|     [95% conf. interval]
-----------------+----------------------------------------------------------------
     c.qual_rate#|
c.pre_exposure_z |  -.0145259   .0127897    -1.14   0.264    -.0405177    .0114659
                 |
            year |
           2017  |   .0701465   .0130892     5.36   0.000     .0435461     .096747
           2018  |   .1249923   .0186536     6.70   0.000     .0870835     .162901
           2019  |   .1260194   .0235675     5.35   0.000     .0781245    .1739142
           2020  |   .1309579   .0291132     4.50   0.000     .0717928    .1901229
           2021  |   .3072103   .0411267     7.47   0.000     .2236309    .3907897
           2022  |   .4947243   .0460926    10.73   0.000     .4010529    .5883958
           2023  |   .4945698   .0390406    12.67   0.000     .4152296    .5739099
                 |
           _cons |  -.5148298   .0253479   -20.31   0.000     -.566343   -.4633166
-----------------+----------------------------------------------------------------
         sigma_u |  .54020105
         sigma_e |  .10297407
             rho |  .96493741   (fraction of variance due to u_i)
----------------------------------------------------------------------------------
.         estimates store main_expanded
. 
.         * Expanded, dropping Vancouver (leverage check on the wider sample)
.         xtreg affordability_gap c.qual_rate#c.pre_exposure_z i.year ///
>             if cma_name != "Vancouver", fe vce(cluster cluster_id)

Fixed-effects (within) regression               Number of obs     =        280
Group variable: market_id                       Number of groups  =         35

R-squared:                                      Obs per group:
     Within  = 0.7948                                         min =          8
     Between = 0.9362                                         avg =        8.0
     Overall = 0.1092                                         max =          8

                                                F(8, 33)          =     166.17
corr(u_i, Xb) = -0.0767                         Prob > F          =     0.0000

                                (Std. err. adjusted for 34 clusters in cluster_id)
----------------------------------------------------------------------------------
                 |               Robust
affordability_~p | Coefficient  std. err.      t    P>|t|     [95% conf. interval]
-----------------+----------------------------------------------------------------
     c.qual_rate#|
c.pre_exposure_z |  -.0023602   .0131919    -0.18   0.859    -.0291994     .024479
                 |
            year |
           2017  |   .0719146   .0132178     5.44   0.000     .0450228    .0988064
           2018  |   .1282708   .0183445     6.99   0.000     .0909486     .165593
           2019  |   .1336102   .0226952     5.89   0.000     .0874364    .1797839
           2020  |   .1401533   .0283213     4.95   0.000     .0825331    .1977734
           2021  |   .3187962    .040534     7.86   0.000     .2363291    .4012634
           2022  |   .5066005    .045144    11.22   0.000     .4147543    .5984466
           2023  |   .5057195   .0374971    13.49   0.000     .4294312    .5820078
                 |
           _cons |  -.5504071   .0282526   -19.48   0.000    -.6078875   -.4929268
-----------------+----------------------------------------------------------------
         sigma_u |  .42761913
         sigma_e |  .10073716
             rho |  .94742147   (fraction of variance due to u_i)
----------------------------------------------------------------------------------
.         estimates store main_expanded_novan
. 
.         * Expanded, dropping BOTH Toronto and Vancouver.
.         * Peer/prof point: the two largest markets dominate the high-exposure end
.         * and are driven by forces (foreign capital, student/investor demand) the
.         * model can't isolate. If the gradient is entirely those two, beta -> ~0.
.         xtreg affordability_gap c.qual_rate#c.pre_exposure_z i.year ///
>             if !inlist(cma_name, "Toronto", "Vancouver"), fe vce(cluster cluster_id)

Fixed-effects (within) regression               Number of obs     =        272
Group variable: market_id                       Number of groups  =         34

R-squared:                                      Obs per group:
     Within  = 0.7941                                         min =          8
     Between = 0.9478                                         avg =        8.0
     Overall = 0.2694                                         max =          8

                                                F(8, 32)          =     211.41
corr(u_i, Xb) = 0.1159                          Prob > F          =     0.0000

                                (Std. err. adjusted for 33 clusters in cluster_id)
----------------------------------------------------------------------------------
                 |               Robust
affordability_~p | Coefficient  std. err.      t    P>|t|     [95% conf. interval]
-----------------+----------------------------------------------------------------
     c.qual_rate#|
c.pre_exposure_z |   .0040748   .0158133     0.26   0.798    -.0281359    .0362854
                 |
            year |
           2017  |    .070063    .013418     5.22   0.000     .0427314    .0973946
           2018  |    .129933   .0185533     7.00   0.000     .0921411    .1677248
           2019  |   .1357741   .0231534     5.86   0.000     .0886122     .182936
           2020  |   .1425994   .0290038     4.92   0.000     .0835206    .2016782
           2021  |   .3215895   .0416126     7.73   0.000     .2368274    .4063516
           2022  |   .5102043   .0458072    11.14   0.000     .4168981    .6035104
           2023  |   .5108564   .0374912    13.63   0.000     .4344892    .5872235
                 |
           _cons |  -.5710492    .033739   -16.93   0.000    -.6397733   -.5023251
-----------------+----------------------------------------------------------------
         sigma_u |  .37026111
         sigma_e |  .10170797
             rho |  .92983813   (fraction of variance due to u_i)
----------------------------------------------------------------------------------
.         estimates store main_expanded_notorvan
. 
.         * Expanded, dropping ALL British Columbia markets.
.         * Peer/prof point: BC's foreign-buyer tax, speculation/vacancy tax, and the
.         * federal foreign-buyer ban are rate-INDEPENDENT policy shocks concentrated
.         * in BC. Excluding BC shows whether the result survives without them.
.         xtreg affordability_gap c.qual_rate#c.pre_exposure_z i.year ///
>             if province != "BC", fe vce(cluster cluster_id)

Fixed-effects (within) regression               Number of obs     =        232
Group variable: market_id                       Number of groups  =         29

R-squared:                                      Obs per group:
     Within  = 0.7761                                         min =          8
     Between = 0.9322                                         avg =        8.0
     Overall = 0.2630                                         max =          8

                                                F(8, 28)          =      99.21
corr(u_i, Xb) = 0.1061                          Prob > F          =     0.0000

                                (Std. err. adjusted for 29 clusters in cluster_id)
----------------------------------------------------------------------------------
                 |               Robust
affordability_~p | Coefficient  std. err.      t    P>|t|     [95% conf. interval]
-----------------+----------------------------------------------------------------
     c.qual_rate#|
c.pre_exposure_z |   .0037337   .0179798     0.21   0.837    -.0330962    .0405635
                 |
            year |
           2017  |   .0648228   .0154049     4.21   0.000     .0332672    .0963784
           2018  |   .1156586   .0210487     5.49   0.000     .0725423     .158775
           2019  |   .1328222   .0270012     4.92   0.000     .0775127    .1881317
           2020  |   .1463837   .0335926     4.36   0.000     .0775723    .2151951
           2021  |   .3245333   .0483787     6.71   0.000     .2254341    .4236325
           2022  |   .5057969   .0538023     9.40   0.000     .3955879    .6160058
           2023  |   .5145755   .0442035    11.64   0.000     .4240287    .6051223
                 |
           _cons |   -.627856   .0463545   -13.54   0.000    -.7228089   -.5329031
-----------------+----------------------------------------------------------------
         sigma_u |  .37183952
         sigma_e |  .10843408
             rho |  .92162547   (fraction of variance due to u_i)
----------------------------------------------------------------------------------
.         estimates store main_expanded_nobc
. 
.         * Parsimonious BC-policy control: a single BC x post(2022) dummy, rather
.         * than dropping BC markets outright. This directly nets out a BC-specific
.         * post-2022 level shift (foreign-buyer tax escalation, speculation/vacancy
.         * tax, federal foreign-buyer ban) with ONE extra parameter.
.         * NOTE: full province x year FE was tested and rejected -- 4 of 10
.         * provinces have only 1 market in this sample (MB, ON/QC, NS, NL), so
.         * province x year FE perfectly saturates those markets (zero residual
.         * variance), manufacturing spurious precision rather than genuinely
.         * controlling for anything. The single BC x post dummy avoids this.
.         capture drop bc_post
.         gen byte bc_post = (province == "BC") & (year >= 2022)
.         xtreg affordability_gap c.qual_rate#c.pre_exposure_z i.year bc_post, ///
>             fe vce(cluster cluster_id)

Fixed-effects (within) regression               Number of obs     =        288
Group variable: market_id                       Number of groups  =         36

R-squared:                                      Obs per group:
     Within  = 0.7813                                         min =          8
     Between = 0.9146                                         avg =        8.0
     Overall = 0.0005                                         max =          8

                                                F(9, 34)          =      77.75
corr(u_i, Xb) = -0.3626                         Prob > F          =     0.0000

                                (Std. err. adjusted for 35 clusters in cluster_id)
----------------------------------------------------------------------------------
                 |               Robust
affordability_~p | Coefficient  std. err.      t    P>|t|     [95% conf. interval]
-----------------+----------------------------------------------------------------
     c.qual_rate#|
c.pre_exposure_z |  -.0098212    .011782    -0.83   0.410    -.0337651    .0141226
                 |
            year |
           2017  |   .0701465   .0130695     5.37   0.000     .0435861     .096707
           2018  |   .1249923   .0185066     6.75   0.000     .0873823    .1626022
           2019  |   .1260194   .0235527     5.35   0.000     .0781545    .1738843
           2020  |   .1309579   .0291558     4.49   0.000     .0717062    .1902095
           2021  |   .3072103   .0411946     7.46   0.000     .2234928    .3909278
           2022  |   .5016164   .0497736    10.08   0.000     .4004643    .6027685
           2023  |   .5014619   .0426747    11.75   0.000     .4147364    .5881874
                 |
         bc_post |  -.0354451    .033915    -1.05   0.303    -.1043688    .0334785
           _cons |  -.5148298    .025298   -20.35   0.000    -.5662415   -.4634181
-----------------+----------------------------------------------------------------
         sigma_u |  .50902032
         sigma_e |  .10302169
             rho |  .96064934   (fraction of variance due to u_i)
----------------------------------------------------------------------------------
.         estimates store main_expanded_bcpost
. 
.         * Count markets and clusters actually estimated
.         egen tag_m = tag(market_id)
.         egen tag_c = tag(cluster_id)
.         count if tag_m == 1
  36
.         display as text "Expanded markets estimated:  " r(N)
Expanded markets estimated:  36
.         count if tag_c == 1
  35
.         display as text "Expanded clusters estimated: " r(N)
Expanded clusters estimated: 35
.         drop tag_m tag_c
. 
.         * -------------------- Formal leverage diagnostic (DFBETA-style) --------
.         * Rather than eyeballing "drop Vancouver", compute the leave-one-market-out
.         * beta for EVERY market and report how extreme each market's influence is
.         * relative to the full distribution of one-market-out betas.
.         * NOTE: uses a tempfile save/reload rather than a second preserve -- Stata
.         * allows only ONE active preserve, and we are already inside the outer
.         * preserve at the top of this expanded block.
.         tempfile _panel_before_loo
.         save "`_panel_before_loo'", replace
(file C:\Users\Dell\AppData\Local\Temp\ST_2828_000005.tmp not found)
file C:\Users\Dell\AppData\Local\Temp\ST_2828_000005.tmp saved as .dta format
. 
.             quietly xtreg affordability_gap c.qual_rate#c.pre_exposure_z i.year, ///
>                 fe vce(cluster cluster_id)
.             local beta_full = _b[c.qual_rate#c.pre_exposure_z]
. 
.             levelsof cma_name, local(allmkts)
`"Abbotsford - Mission"' `"Barrie"' `"Belleville - Quinte West"' `"Brantford"' `"Calgary"' `"
> Chilliwack"' `"Drummondville"' `"Edmonton"' `"Fredericton"' `"Greater Sudbury / Grand Sudbu
> ry"' `"Guelph"' `"Halifax"' `"Hamilton"' `"Kamloops"' `"Kelowna"' `"Kingston"' `"Kitchener 
> - Cambridge - Waterloo"' `"London"' `"Moncton"' `"Montréal"' `"Nanaimo"' `"Ottawa - Gatinea
> u"' `"Peterborough"' `"Québec"' `"Regina"' `"Saint John"' `"Saskatoon"' `"Sherbrooke"' `"St
> . Catharines - Niagara"' `"St. John's"' `"Toronto"' `"Trois-Rivières"' `"Vancouver"' `"Vict
> oria"' `"Windsor"' `"Winnipeg"'
.             tempname lohandle
.             tempfile loo
.             postfile `lohandle' str40 cma_name_out double beta_excl using `loo', replace
(file C:\Users\Dell\AppData\Local\Temp\ST_2828_000006.tmp not found)
.             foreach m of local allmkts {
  2.                 quietly xtreg affordability_gap c.qual_rate#c.pre_exposure_z i.year ///
>                     if cma_name != "`m'", fe vce(cluster cluster_id)
  3.                 post `lohandle' ("`m'") (_b[c.qual_rate#c.pre_exposure_z])
  4.             }
.             postclose `lohandle'
. 
.             use `loo', clear
.             gen dfbeta = beta_excl - `beta_full'
.             quietly summ dfbeta
.             gen dfbeta_sd = dfbeta / r(sd)
.             gen abs_dfbeta = abs(dfbeta)
.             gsort -abs_dfbeta
.             display as text ""

.             display as text "Leave-one-market-out influence, full beta = " %6.4f `beta_full
> '
Leave-one-market-out influence, full beta = -0.0145
.             display as text "(top 5 markets by |DFBETA|):"
(top 5 markets by |DFBETA|):
.             list cma_name_out beta_excl dfbeta dfbeta_sd in 1/5, noobs

  +-------------------------------------------------+
  | cma_name~t    beta_excl      dfbeta   dfbeta_sd |
  |-------------------------------------------------|
  |  Vancouver    -.0023602    .0121657    4.642888 |
  |    Moncton    -.0094052    .0051207     1.95425 |
  |     Regina   -.01865465   -.0041288   -1.575695 |
  | St. John's   -.01799331   -.0034674   -1.323304 |
  |     Québec   -.01742002   -.0028941   -1.104514 |
  +-------------------------------------------------+
. 
.         * Reload the expanded panel so the region x year FE block below runs on
.         * the full data (the leave-one-out loop left the small results table in
.         * memory).
.         use "`_panel_before_loo'", clear
.         xtset market_id year

Panel variable: market_id (strongly balanced)
 Time variable: year, 2016 to 2023
         Delta: 1 unit
. 
.         * Wild cluster bootstrap on the expanded MAIN spec, run IMMEDIATELY after
.         * the regression so the estimation sample is still intact (few clusters ->
.         * conventional p over-rejects; the bootstrap p is the honest one).
.         capture which boottest
.         if _rc == 0 {
.             estimates restore main_expanded
(results main_expanded are active now)
.             boottest c.qual_rate#c.pre_exposure_z, reps(9999) cluster(cluster_id) ///
>                 boottype(wild) weighttype(rademacher) seed(20260708)

Overriding estimator's cluster/robust settings with cluster(cluster_id)

Wild bootstrap-t, null imposed, 9999 replications, Wald test, clustering by cluster_id, boots
> trap clustering by cluster_id, Rademacher weights:
  c.qual_rate#c.pre_exposure_z

                           t(34) =    -1.1378
                        Prob>|t| =     0.3875

95% confidence set for null hypothesis expression: [−.03906, .0256]
.         }
. 
.         * -------------------- Region x year FE (benchmark-paper adaptation) ----
.         * Paixao & Hartley (BoC SAN 2024-25), the closest analog to this design,
.         * use province-by-time fixed effects (gamma_pt) rather than plain year FE,
.         * to absorb province-level shocks non-parametrically. Full province x year
.         * FE saturates our single-market provinces (MB, ON/QC, NS, NL), so we use
.         * REGION x year FE with 5 regions (Atlantic, Quebec, Ontario, Prairies,
.         * West), each containing multiple markets -- the well-identified analogue.
.         *
.         * IMPORTANT (reported honestly, not hidden): this specification yields a
.         * significant NEGATIVE coefficient, BUT it FAILS a placebo pre-trends test
.         * (the pre-2022 exposure interactions are jointly non-zero and trend the
.         * OPPOSITE way to the post-2022 effect). That means its significance is a
.         * continuation/reversal of a pre-existing regional divergence, NOT a causal
.         * treatment effect. We therefore keep market+year FE (which has FLAT
.         * pre-trends) as the PRIMARY spec, and report region x year FE only as a
.         * transparency/robustness exercise that we explicitly do NOT interpret
.         * causally. See the pre-trends test printed just below.
.         capture drop region
.         gen region = ""
(288 missing values generated)
.         replace region = "Atlantic" if inlist(province, "NB", "NS", "NL", "PE")
variable region was str1 now str8
(40 real changes made)
.         replace region = "Quebec"   if province == "QC"
(40 real changes made)
.         replace region = "Ontario"  if inlist(province, "ON", "ON/QC")
(112 real changes made)
.         replace region = "Prairies" if inlist(province, "AB", "SK", "MB")
(40 real changes made)
.         replace region = "West"     if province == "BC"
(56 real changes made)
.         capture drop region_year
.         egen region_year = group(region year)
. 
.         xtreg affordability_gap c.qual_rate#c.pre_exposure_z i.region_year, ///
>             fe vce(cluster cluster_id)
note: 9.region_year omitted because of collinearity with the absorbed variable.
note: 40.region_year omitted because of collinearity with the absorbed variable.
note: 25.region_year omitted because of collinearity with the absorbed variable.
note: 24.region_year omitted because of collinearity with the absorbed variable.

Fixed-effects (within) regression               Number of obs     =        288
Group variable: market_id                       Number of groups  =         36

R-squared:                                      Obs per group:
     Within  = 0.9092                                         min =          8
     Between = 0.5704                                         avg =        8.0
     Overall = 0.2141                                         max =          8

                                                F(25, 34)         =          .
corr(u_i, Xb) = -0.8579                         Prob > F          =          .

                                (Std. err. adjusted for 35 clusters in cluster_id)
----------------------------------------------------------------------------------
                 |               Robust
affordability_~p | Coefficient  std. err.      t    P>|t|     [95% conf. interval]
-----------------+----------------------------------------------------------------
     c.qual_rate#|
c.pre_exposure_z |  -.0432746   .0099405    -4.35   0.000    -.0634762    -.023073
                 |
     region_year |
              2  |   .0072989   .0068805     1.06   0.296     -.006684    .0212818
              3  |   .0215711   .0206111     1.05   0.303    -.0203156    .0634579
              4  |    .034881   .0341214     1.02   0.314    -.0344621    .1042241
              5  |   .0532749   .0526914     1.01   0.319     -.053807    .1603568
              6  |   .2241577   .0914791     2.45   0.020     .0382499    .4100656
              7  |   .4088931   .1203611     3.40   0.002     .1642899    .6534962
              8  |   .4214862   .1132881     3.72   0.001     .1912572    .6517153
              9  |          0  (omitted)
             10  |   .1331411   .0195824     6.80   0.000     .0933449    .1729373
             11  |   .2095153   .0268931     7.79   0.000     .1548619    .2641688
             12  |   .2519586   .0315532     7.99   0.000     .1878347    .3160824
             13  |   .2945723   .0333835     8.82   0.000     .2267288    .3624158
             14  |    .526496   .0472857    11.13   0.000     .4303999    .6225921
             15  |   .7285899   .0497567    14.64   0.000     .6274722    .8297077
             16  |   .6833578   .0442993    15.43   0.000     .5933308    .7733848
             17  |  -.1184825   .0493066    -2.40   0.022    -.2186854   -.0182795
             18  |  -.1225993   .0443181    -2.77   0.009    -.2126645   -.0325341
             19  |  -.1131356   .0380135    -2.98   0.005    -.1903884   -.0358828
             20  |  -.1493615   .0381113    -3.92   0.000    -.2268128   -.0719101
             21  |  -.1877213   .0430605    -4.36   0.000    -.2752307   -.1002119
             22  |  -.1213957   .0381659    -3.18   0.003    -.1989581   -.0438334
             23  |  -.0252822   .0226431    -1.12   0.272    -.0712986    .0207342
             24  |          0  (omitted)
             25  |          0  (omitted)
             26  |  -.0080023   .0101874    -0.79   0.438    -.0287056     .012701
             27  |   .0121307   .0201223     0.60   0.551    -.0287627     .053024
             28  |   .0153259   .0244011     0.63   0.534    -.0342632    .0649149
             29  |   .0184928   .0300426     0.62   0.542     -.042561    .0795467
             30  |   .1770057   .0418605     4.23   0.000     .0919349    .2620764
             31  |   .3176427   .0534335     5.94   0.000     .2090528    .4262326
             32  |   .3806432     .05779     6.59   0.000     .2631999    .4980865
             33  |  -.5192061   .0432811   -12.00   0.000    -.6071639   -.4312484
             34  |  -.4212917   .0316503   -13.31   0.000    -.4856129   -.3569705
             35  |  -.3233112   .0205457   -15.74   0.000     -.365065   -.2815574
             36  |  -.3888293   .0291889   -13.32   0.000    -.4481483   -.3295103
             37  |  -.4366594   .0398432   -10.96   0.000    -.5176306   -.3556883
             38  |  -.2767239   .0482543    -5.73   0.000    -.3747883   -.1786594
             39  |  -.0176153   .0305528    -0.58   0.568    -.0797061    .0444755
             40  |          0  (omitted)
                 |
           _cons |  -.3974172   .0143336   -27.73   0.000    -.4265466   -.3682877
-----------------+----------------------------------------------------------------
         sigma_u |  .82642269
         sigma_e |  .07043015
             rho |  .99278943   (fraction of variance due to u_i)
----------------------------------------------------------------------------------
.         estimates store main_expanded_regionyr
.         capture which boottest
.         if _rc == 0 {
.             boottest c.qual_rate#c.pre_exposure_z, reps(9999) cluster(cluster_id) ///
>                 boottype(wild) weighttype(rademacher) seed(20260708)

Overriding estimator's cluster/robust settings with cluster(cluster_id)

Wild bootstrap-t, null imposed, 9999 replications, Wald test, clustering by cluster_id, boots
> trap clustering by cluster_id, Rademacher weights:
  c.qual_rate#c.pre_exposure_z

                           t(34) =    -4.3620
                        Prob>|t| =     0.0127

95% confidence set for null hypothesis expression: [−.06447, −.009284]
.         }
. 
.         * PLACEBO PRE-TRENDS TEST for the region x year FE spec. If the pre-2022
.         * exposure interactions are jointly non-zero, parallel trends FAILS and the
.         * significant post coefficient above is NOT a clean treatment effect.
.         xtreg affordability_gap ib2021.year##c.pre_exposure_z i.region_year, ///
>             fe vce(cluster cluster_id)
note: 34.region_year omitted because of collinearity.
note: 35.region_year omitted because of collinearity.
note: 36.region_year omitted because of collinearity.
note: 37.region_year omitted because of collinearity.
note: 38.region_year omitted because of collinearity.
note: 39.region_year omitted because of collinearity.
note: 40.region_year omitted because of collinearity.
note: 11.region_year omitted because of collinearity with the absorbed variable.
note: 8.region_year omitted because of collinearity with the absorbed variable.
note: 19.region_year omitted because of collinearity with the absorbed variable.
note: 28.region_year omitted because of collinearity with the absorbed variable.
note: pre_exposure_z omitted because of collinearity with the absorbed variable.

Fixed-effects (within) regression               Number of obs     =        288
Group variable: market_id                       Number of groups  =         36

R-squared:                                      Obs per group:
     Within  = 0.9219                                         min =          8
     Between = 0.5458                                         avg =        8.0
     Overall = 0.3849                                         max =          8

                                                F(31, 34)         =          .
corr(u_i, Xb) = 0.2312                          Prob > F          =          .

                                     (Std. err. adjusted for 35 clusters in cluster_id)
---------------------------------------------------------------------------------------
                      |               Robust
    affordability_gap | Coefficient  std. err.      t    P>|t|     [95% conf. interval]
----------------------+----------------------------------------------------------------
                 year |
                2016  |  -.2049888   .1164058    -1.76   0.087    -.4415539    .0315764
                2017  |  -.2631666   .0400307    -6.57   0.000    -.3445187   -.1818145
                2018  |  -.1447805   .0226006    -6.41   0.000    -.1907104   -.0988505
                2019  |  -.1737506   .0223756    -7.77   0.000    -.2192232    -.128278
                2020  |  -.1899692   .0197101    -9.64   0.000    -.2300249   -.1499136
                2022  |    .226634   .0114808    19.74   0.000     .2033022    .2499659
                2023  |   .1961346   .0145029    13.52   0.000     .1666611     .225608
                      |
       pre_exposure_z |          0  (omitted)
                      |
year#c.pre_exposure_z |
                2016  |   .0993964   .0386661     2.57   0.015     .0208175    .1779754
                2017  |   .1061845   .0252138     4.21   0.000     .0549439    .1574251
                2018  |   .0664636   .0163683     4.06   0.000     .0331992     .099728
                2019  |   .0338251   .0138776     2.44   0.020     .0056225    .0620277
                2020  |   .0197165   .0114983     1.71   0.095    -.0036509    .0430838
                2022  |  -.0085037   .0083484    -1.02   0.316    -.0254697    .0084623
                2023  |  -.0105535   .0124362    -0.85   0.402    -.0358268    .0147198
                      |
          region_year |
                   2  |   .0759608   .1218458     0.62   0.537    -.1716597    .3235813
                   3  |  -.0447135   .0989289    -0.45   0.654    -.2457612    .1563342
                   4  |  -.0320943   .0847989    -0.38   0.707    -.2044264    .1402378
                   5  |  -.0231366   .0678983    -0.34   0.735    -.1611225    .1148493
                   6  |  -.0665972   .0332051    -2.01   0.053    -.1340781    .0008837
                   7  |  -.0821408   .0246718    -3.33   0.002      -.13228   -.0320016
                   8  |          0  (omitted)
                   9  |  -.1511034   .1326707    -1.14   0.263    -.4207228    .1185159
                  10  |   .0371159   .0214035     1.73   0.092    -.0063812    .0806131
                  11  |          0  (omitted)
                  12  |   .0801824   .0106581     7.52   0.000     .0585227    .1018422
                  13  |   .1465994    .011001    13.33   0.000     .1242427    .1689562
                  14  |   .1957599   .0245174     7.98   0.000     .1459345    .2455854
                  15  |   .1634281    .031495     5.19   0.000     .0994225    .2274338
                  16  |   .1371512   .0251953     5.44   0.000     .0859481    .1883542
                  17  |   .0582911   .1204752     0.48   0.632    -.1865439    .3031261
                  18  |   .1182695   .0249003     4.75   0.000      .067666     .168873
                  19  |          0  (omitted)
                  20  |  -.0239968   .0149981    -1.60   0.119    -.0544766    .0064831
                  21  |   -.060618   .0149406    -4.06   0.000    -.0909809   -.0302551
                  22  |  -.1980189    .033282    -5.95   0.000    -.2656561   -.1303816
                  23  |  -.3136641   .0458916    -6.83   0.000     -.406927   -.2204012
                  24  |   -.235843   .0482205    -4.89   0.000    -.3338388   -.1378472
                  25  |   .0512368   .1218887     0.42   0.677    -.1964709    .2989444
                  26  |   .1117754   .0429589     2.60   0.014     .0244724    .1990784
                  27  |  -.0028471   .0198079    -0.14   0.887    -.0431016    .0374075
                  28  |          0  (omitted)
                  29  |  -.0059729   .0180154    -0.33   0.742    -.0425847    .0306389
                  30  |   -.061522   .0434166    -1.42   0.166    -.1497552    .0267113
                  31  |  -.1214683   .0579206    -2.10   0.043    -.2391771   -.0037595
                  32  |   .0106289   .0586517     0.18   0.857    -.1085657    .1298235
                  33  |  -.1431738   .1357489    -1.05   0.299    -.4190488    .1327012
                  34  |          0  (omitted)
                  35  |          0  (omitted)
                  36  |          0  (omitted)
                  37  |          0  (omitted)
                  38  |          0  (omitted)
                  39  |          0  (omitted)
                  40  |          0  (omitted)
                      |
                _cons |  -.2384514    .019928   -11.97   0.000    -.2789501   -.1979528
----------------------+----------------------------------------------------------------
              sigma_u |  .38576766
              sigma_e |  .06623718
                  rho |  .97136261   (fraction of variance due to u_i)
---------------------------------------------------------------------------------------
.         display as text ""

.         display as text "Region x year FE -- placebo pre-trends test:"
Region x year FE -- placebo pre-trends test:
.         testparm i(2016/2020).year#c.pre_exposure_z

 ( 1)  2016.year#c.pre_exposure_z = 0
 ( 2)  2017.year#c.pre_exposure_z = 0
 ( 3)  2018.year#c.pre_exposure_z = 0
 ( 4)  2019.year#c.pre_exposure_z = 0
 ( 5)  2020.year#c.pre_exposure_z = 0

       F(  5,    34) =   16.74
            Prob > F =    0.0000
.         display as text "If Prob > F is small, pre-trends FAIL -> do NOT interpret"
If Prob > F is small, pre-trends FAIL -> do NOT interpret
.         display as text "the region x year FE coefficient causally (see note above)."
the region x year FE coefficient causally (see note above).
. 
.         * Robustness of the region-year result to the two mega-markets
.         xtreg affordability_gap c.qual_rate#c.pre_exposure_z i.region_year ///
>             if !inlist(cma_name, "Toronto", "Vancouver"), fe vce(cluster cluster_id)
note: 16.region_year omitted because of collinearity with the absorbed variable.
note: 24.region_year omitted because of collinearity with the absorbed variable.
note: 32.region_year omitted because of collinearity with the absorbed variable.
note: 40.region_year omitted because of collinearity with the absorbed variable.

Fixed-effects (within) regression               Number of obs     =        272
Group variable: market_id                       Number of groups  =         34

R-squared:                                      Obs per group:
     Within  = 0.9237                                         min =          8
     Between = 0.7527                                         avg =        8.0
     Overall = 0.1349                                         max =          8

                                                F(24, 32)         =          .
corr(u_i, Xb) = -0.7821                         Prob > F          =          .

                                (Std. err. adjusted for 33 clusters in cluster_id)
----------------------------------------------------------------------------------
                 |               Robust
affordability_~p | Coefficient  std. err.      t    P>|t|     [95% conf. interval]
-----------------+----------------------------------------------------------------
     c.qual_rate#|
c.pre_exposure_z |  -.0297537   .0176129    -1.69   0.101      -.06563    .0061226
                 |
     region_year |
              2  |   .0086323   .0071798     1.20   0.238    -.0059924    .0232571
              3  |   .0290956   .0225268     1.29   0.206    -.0167901    .0749813
              4  |   .0424769   .0356924     1.19   0.243    -.0302261    .1151799
              5  |    .056892   .0532273     1.07   0.293    -.0515285    .1653126
              6  |   .2258007   .0920421     2.45   0.020     .0383171    .4132843
              7  |   .4212037   .1221969     3.45   0.002     .1722967    .6701107
              8  |   .4465837   .1177594     3.79   0.001     .2067157    .6864518
              9  |  -.6870737   .0451899   -15.20   0.000    -.7791224   -.5950249
             10  |  -.5553078   .0368278   -15.08   0.000    -.6303236    -.480292
             11  |  -.4739721   .0232151   -20.42   0.000    -.5212598   -.4266844
             12  |  -.4274291    .018488   -23.12   0.000     -.465088   -.3897702
             13  |  -.3775955   .0193439   -19.52   0.000    -.4169977   -.3381933
             14  |  -.1388261   .0081761   -16.98   0.000    -.1554803    -.122172
             15  |   .0565479   .0068051     8.31   0.000     .0426864    .0704093
             16  |          0  (omitted)
             17  |  -.1326479   .0507413    -2.61   0.014    -.2360046   -.0292912
             18  |  -.1360121   .0457424    -2.97   0.006    -.2291864   -.0428379
             19  |  -.1230541   .0390318    -3.15   0.004    -.2025593    -.043549
             20  |  -.1592396   .0392429    -4.06   0.000    -.2391747   -.0793045
             21  |  -.1998452   .0445098    -4.49   0.000    -.2905087   -.1091816
             22  |  -.1346338   .0402616    -3.34   0.002     -.216644   -.0526236
             23  |  -.0324993   .0239571    -1.36   0.184    -.0812984    .0162998
             24  |          0  (omitted)
             25  |  -.4054509   .0627257    -6.46   0.000     -.533219   -.2776827
             26  |  -.4121351   .0612495    -6.73   0.000    -.5368962    -.287374
             27  |  -.3858826    .057909    -6.66   0.000    -.5038395   -.2679258
             28  |  -.3826168   .0549323    -6.97   0.000    -.4945102   -.2707234
             29  |  -.3833827   .0543866    -7.05   0.000    -.4941646   -.2726007
             30  |  -.2268212   .0387109    -5.86   0.000    -.3056726   -.1479697
             31  |  -.0756397   .0188872    -4.00   0.000    -.1141116   -.0371678
             32  |          0  (omitted)
             33  |  -.5234052   .0491885   -10.64   0.000    -.6235988   -.4232117
             34  |  -.4139998   .0385528   -10.74   0.000    -.4925292   -.3354705
             35  |  -.3160406   .0257502   -12.27   0.000     -.368492   -.2635892
             36  |  -.3676791   .0276522   -13.30   0.000    -.4240049   -.3113533
             37  |  -.4046477   .0343621   -11.78   0.000     -.474641   -.3346543
             38  |   -.228378   .0304907    -7.49   0.000    -.2904854   -.1662706
             39  |   .0167502   .0138439     1.21   0.235    -.0114489    .0449493
             40  |          0  (omitted)
                 |
           _cons |  -.1729095   .0218121    -7.93   0.000    -.2173393   -.1284797
-----------------+----------------------------------------------------------------
         sigma_u |  .65679215
         sigma_e |  .06604264
             rho |  .98999024   (fraction of variance due to u_i)
----------------------------------------------------------------------------------
.         estimates store main_expanded_regionyr_notv
.     restore
. }

. else {
.     display as text ""
.     display as text "Expanded panel not found; run 04b_expand_sample.do and"
.     display as text "07_build_panel.do with global sample_mode = expanded first."
.     display as text ""
. }

. 
. 
. * -------------------------- (8) Note on table output -----------------------
. * All regressions above are recorded in the log. The formatted, paper-ready
. * tables (summary stats, main + robustness, composite robustness) are written
. * ONCE, by 11_paper_outputs.do via outreg2, to avoid duplicate table files in
. * the output folder. Nothing is written to disk here.
. display as text ""


. display as text "Regressions complete. Formatted tables are written by 11_paper_outputs.do.
> "
Regressions complete. Formatted tables are written by 11_paper_outputs.do.

. 
end of do-file

.                                         // expanded 36-CMA (primary), leave-one-out
.                                         // leverage diagnostic, wild bootstrap,
.                                         // region x year FE + its pre-trends test
. 
. * --- 5. Composite HPI robustness (3 weight schemes, not the primary spec) --
. do "$dofiles/10_composite_robustness.do"

. *==============================================================================
. * 10_composite_robustness.do  --  Composite HPI robustness (3 weight schemes)
. *------------------------------------------------------------------------------
. * CONTEXT
. *   Four expanded-sample CMAs (Toronto, Vancouver, Kitchener-Cambridge-Waterloo,
. *   Barrie) are served by more than one CREA board. The primary specification
. *   (07_build_panel.do, use_composite_primary NOT set to 1) uses a single core
. *   board per CMA -- the most defensible choice because it makes zero
. *   unverifiable weighting assumptions (CREA never released board boundary
. *   files, so exact household shares cannot be computed).
. *
. *   This file checks that decision does not drive the result: it re-estimates
. *   beta with a household-weighted composite HPI for those four CMAs under
. *   THREE weighting schemes, so the weight-uncertainty becomes a demonstrated
. *   non-issue rather than a hidden assumption.
. *
. *     approx     : public board-coverage pages + 2021 census dwelling counts
. *                  (household_weights.xlsx -- the original approximation)
. *     equal      : 1/n across each CMA's constituent boards
. *     pop_share  : population-share approximation from 2021 census subdivision
. *                  totals (coarser than approx, independent construction)
. *
. * Input : $clean/hpi_annual_clean_Tran.dta
. *         $clean/core_affordability_panel_expanded_Tran.dta  (for the merge keys)
. * Output: prints beta/SE/p for single-board vs. all three composite schemes.
. *==============================================================================
. 
. capture confirm file "$clean/core_affordability_panel_expanded_Tran.dta"

. if _rc {
.     display as error "Expanded panel not found; run 07_build_panel.do (expanded) first."
.     exit 601
. }

. 
. * -------------------------- Weight scheme definitions -----------------------
. * Each scheme: cma_name  crea_market  weight  scheme
. tempfile allweights

. clear

. input str40 cma_name str30 crea_market double weight str12 scheme

                                     cma_name                     crea_market      weight    
>     scheme
  1. "Toronto"                          "GREATER_TORONTO"     0.78  "approx"
  2. "Toronto"                          "MISSISSAUGA"         0.14  "approx"
  3. "Toronto"                          "OAKVILLE_MILTON"     0.08  "approx"
  4. "Vancouver"                        "GREATER_VANCOUVER"   0.88  "approx"
  5. "Vancouver"                        "FRASER_VALLEY"       0.12  "approx"
  6. "Kitchener - Cambridge - Waterloo" "KITCHENER_WATERLOO"  0.72  "approx"
  7. "Kitchener - Cambridge - Waterloo" "CAMBRIDGE"           0.28  "approx"
  8. "Barrie"                           "BARRIE_AND_DISTRICT" 0.82  "approx"
  9. "Barrie"                           "SIMCOE_AND_DISTRICT" 0.18  "approx"
 10. "Toronto"                          "GREATER_TORONTO"     0.3333 "equal"
 11. "Toronto"                          "MISSISSAUGA"         0.3333 "equal"
 12. "Toronto"                          "OAKVILLE_MILTON"     0.3334 "equal"
 13. "Vancouver"                        "GREATER_VANCOUVER"   0.50  "equal"
 14. "Vancouver"                        "FRASER_VALLEY"       0.50  "equal"
 15. "Kitchener - Cambridge - Waterloo" "KITCHENER_WATERLOO"  0.50  "equal"
 16. "Kitchener - Cambridge - Waterloo" "CAMBRIDGE"           0.50  "equal"
 17. "Barrie"                           "BARRIE_AND_DISTRICT" 0.50  "equal"
 18. "Barrie"                           "SIMCOE_AND_DISTRICT" 0.50  "equal"
 19. "Toronto"                          "GREATER_TORONTO"     0.80  "pop_share"
 20. "Toronto"                          "MISSISSAUGA"         0.13  "pop_share"
 21. "Toronto"                          "OAKVILLE_MILTON"     0.07  "pop_share"
 22. "Vancouver"                        "GREATER_VANCOUVER"   0.85  "pop_share"
 23. "Vancouver"                        "FRASER_VALLEY"       0.15  "pop_share"
 24. "Kitchener - Cambridge - Waterloo" "KITCHENER_WATERLOO"  0.75  "pop_share"
 25. "Kitchener - Cambridge - Waterloo" "CAMBRIDGE"           0.25  "pop_share"
 26. "Barrie"                           "BARRIE_AND_DISTRICT" 0.75  "pop_share"
 27. "Barrie"                           "SIMCOE_AND_DISTRICT" 0.25  "pop_share"
 28. end

. save `allweights', replace
(file C:\Users\Dell\AppData\Local\Temp\ST_2828_000001.tmp not found)
file C:\Users\Dell\AppData\Local\Temp\ST_2828_000001.tmp saved as .dta format

. 
. * Results collector
. tempname rh

. tempfile results

. postfile `rh' str20 scheme double beta se pval long nobs long nclus using `results', replac
> e
(file C:\Users\Dell\AppData\Local\Temp\ST_2828_000002.tmp not found)

. 
. * -------------------------- Single-board baseline (for comparison) ---------
. use "$clean/core_affordability_panel_expanded_Tran.dta", clear

. xtset market_id year

Panel variable: market_id (strongly balanced)
 Time variable: year, 2016 to 2023
         Delta: 1 unit

. quietly xtreg affordability_gap c.qual_rate#c.pre_exposure_z i.year, ///
>     fe vce(cluster cluster_id)

. post `rh' ("single_board") (_b[c.qual_rate#c.pre_exposure_z]) ///
>     (_se[c.qual_rate#c.pre_exposure_z]) (2*ttail(e(df_r), abs(_b[c.qual_rate#c.pre_exposure
> _z]/_se[c.qual_rate#c.pre_exposure_z]))) ///
>     (e(N)) (e(N_clust))

. 
. * -------------------------- Composite schemes -------------------------------
. foreach sch in approx equal pop_share {
  2. 
.     * Build the composite HPI for this scheme
.     preserve
  3.         use `allweights', clear
  4.         keep if scheme == "`sch'"
  5.         drop scheme
  6.         tempfile wsch
  7.         save `wsch', replace
  8.     restore
  9. 
.     preserve
 10.         use "$clean/hpi_annual_clean_Tran.dta", clear
 11.         replace crea_market = strtrim(itrim(crea_market))
 12.         merge m:1 crea_market using `wsch'
 13.         * _merge==2 => a weight row whose board has no HPI series (shouldn't happen
.         * for these 9 boards, but check defensively)
.         capture assert _merge != 2
 14.         if _rc {
 15.             display as error "Weight scheme `sch': a board in the weight file has no HPI
>  series."
 16.             list crea_market if _merge == 2
 17.         }
 18.         keep if _merge == 3
 19.         drop _merge
 20.         gen weighted_price = weight * benchmark_price
 21.         collapse (sum) benchmark_price_composite = weighted_price, by(cma_name year)
 22.         tempfile compsch
 23.         save `compsch', replace
 24.         * Also cache persistently so 11_paper_outputs.do (outreg2 table 3) can
.         * reuse this exact composite series without rebuilding it.
.         save "$clean/hpi_composite_`sch'_Tran.dta", replace
 25.     restore
 26. 
.     * Merge composite onto the single-board expanded panel, overwrite the 4 CMAs
.     use "$clean/core_affordability_panel_expanded_Tran.dta", clear
 27.     merge m:1 cma_name year using `compsch'
 28.     replace benchmark_price = benchmark_price_composite if !missing(benchmark_price_comp
> osite)
 29.     drop _merge benchmark_price_composite
 30. 
.     * Recompute the affordability gap with the composite-adjusted price
.     replace affordability_gap = ln(benchmark_price) - ln(max_qualified_price)
 31. 
.     * Re-standardize pre-2022 exposure under the composite (small mechanical
.     * change for the 4 affected CMAs' pre-period P/I ratio)
.     replace price_income_ratio = benchmark_price / median_income
 32.     capture drop pre_exposure_raw
 33.     capture drop pre_exposure_z
 34.     capture drop tag_market
 35.     egen pre_exposure_raw = mean(cond(inrange(year,2016,2021), price_income_ratio, .)), 
> by(market_id)
 36.     egen tag_market = tag(market_id)
 37.     quietly summ pre_exposure_raw if tag_market == 1
 38.     gen pre_exposure_z = (pre_exposure_raw - r(mean)) / r(sd)
 39.     drop tag_market
 40. 
.     xtset market_id year
 41.     quietly xtreg affordability_gap c.qual_rate#c.pre_exposure_z i.year, ///
>         fe vce(cluster cluster_id)
 42.     post `rh' ("`sch'") (_b[c.qual_rate#c.pre_exposure_z]) ///
>         (_se[c.qual_rate#c.pre_exposure_z]) (2*ttail(e(df_r), abs(_b[c.qual_rate#c.pre_expo
> sure_z]/_se[c.qual_rate#c.pre_exposure_z]))) ///
>         (e(N)) (e(N_clust))
 43. }
(18 observations deleted)
(file C:\Users\Dell\AppData\Local\Temp\ST_2828_000004.tmp not found)
file C:\Users\Dell\AppData\Local\Temp\ST_2828_000004.tmp saved as .dta format
(0 real changes made)

    Result                      Number of obs
    -----------------------------------------
    Not matched                           408
        from master                       408  (_merge==1)
        from using                          0  (_merge==2)

    Matched                                72  (_merge==3)
    -----------------------------------------
(408 observations deleted)
(file C:\Users\Dell\AppData\Local\Temp\ST_2828_000006.tmp not found)
file C:\Users\Dell\AppData\Local\Temp\ST_2828_000006.tmp saved as .dta format
file C:\Users\Dell\OneDrive - Wilfrid Laurier University\Spring - 2026\EC 481\Term
    paper\Tran_EC481_submission\code_Tran\data/clean/hpi_composite_approx_Tran.dta saved
(variable cma_name was str32, now str40 to accommodate using data's values)

    Result                      Number of obs
    -----------------------------------------
    Not matched                           256
        from master                       256  (_merge==1)
        from using                          0  (_merge==2)

    Matched                                32  (_merge==3)
    -----------------------------------------
(32 real changes made)
(32 real changes made)
(32 real changes made)

Panel variable: market_id (strongly balanced)
 Time variable: year, 2016 to 2023
         Delta: 1 unit
(18 observations deleted)
(file C:\Users\Dell\AppData\Local\Temp\ST_2828_000008.tmp not found)
file C:\Users\Dell\AppData\Local\Temp\ST_2828_000008.tmp saved as .dta format
(0 real changes made)

    Result                      Number of obs
    -----------------------------------------
    Not matched                           408
        from master                       408  (_merge==1)
        from using                          0  (_merge==2)

    Matched                                72  (_merge==3)
    -----------------------------------------
(408 observations deleted)
(file C:\Users\Dell\AppData\Local\Temp\ST_2828_00000a.tmp not found)
file C:\Users\Dell\AppData\Local\Temp\ST_2828_00000a.tmp saved as .dta format
file C:\Users\Dell\OneDrive - Wilfrid Laurier University\Spring - 2026\EC 481\Term
    paper\Tran_EC481_submission\code_Tran\data/clean/hpi_composite_equal_Tran.dta saved
(variable cma_name was str32, now str40 to accommodate using data's values)

    Result                      Number of obs
    -----------------------------------------
    Not matched                           256
        from master                       256  (_merge==1)
        from using                          0  (_merge==2)

    Matched                                32  (_merge==3)
    -----------------------------------------
(32 real changes made)
(32 real changes made)
(32 real changes made)

Panel variable: market_id (strongly balanced)
 Time variable: year, 2016 to 2023
         Delta: 1 unit
(18 observations deleted)
(file C:\Users\Dell\AppData\Local\Temp\ST_2828_00000c.tmp not found)
file C:\Users\Dell\AppData\Local\Temp\ST_2828_00000c.tmp saved as .dta format
(0 real changes made)

    Result                      Number of obs
    -----------------------------------------
    Not matched                           408
        from master                       408  (_merge==1)
        from using                          0  (_merge==2)

    Matched                                72  (_merge==3)
    -----------------------------------------
(408 observations deleted)
(file C:\Users\Dell\AppData\Local\Temp\ST_2828_00000e.tmp not found)
file C:\Users\Dell\AppData\Local\Temp\ST_2828_00000e.tmp saved as .dta format
file C:\Users\Dell\OneDrive - Wilfrid Laurier University\Spring - 2026\EC 481\Term
    paper\Tran_EC481_submission\code_Tran\data/clean/hpi_composite_pop_share_Tran.dta saved
(variable cma_name was str32, now str40 to accommodate using data's values)

    Result                      Number of obs
    -----------------------------------------
    Not matched                           256
        from master                       256  (_merge==1)
        from using                          0  (_merge==2)

    Matched                                32  (_merge==3)
    -----------------------------------------
(32 real changes made)
(32 real changes made)
(32 real changes made)

Panel variable: market_id (strongly balanced)
 Time variable: year, 2016 to 2023
         Delta: 1 unit

. 
. postclose `rh'

. 
. * -------------------------- Report ------------------------------------------
. use `results', clear

. display as text ""


. display as text "=========================================================="
==========================================================

. display as text " Table 2: robustness of beta to HPI construction (36-CMA)"
 Table 2: robustness of beta to HPI construction (36-CMA)

. display as text "=========================================================="
==========================================================

. list scheme beta se pval nobs nclus, noobs sep(0)

  +----------------------------------------------------------------+
  |       scheme         beta         se       pval   nobs   nclus |
  |----------------------------------------------------------------|
  | single_board   -.01452588   .0127897   .2640046    288      35 |
  |       approx   -.01337139   .0123742   .2874884    288      35 |
  |        equal   -.00961171   .0111705   .3955643    288      35 |
  |    pop_share    -.0130662   .0122854   .2950244    288      35 |
  +----------------------------------------------------------------+

. 
. capture which esttab

. if _rc == 0 {
.     export excel using "$output/table2_composite_robustness_Tran.xlsx", ///
>         firstrow(variables) replace
file C:\Users\Dell\OneDrive - Wilfrid Laurier University\Spring - 2026\EC 481\Term paper\Tran
> _EC481_submission\code_Tran\data/output/table2_composite_robustness_Tran.xlsx saved
.     display as text "Also written to $output/table2_composite_robustness_Tran.xlsx"
Also written to C:\Users\Dell\OneDrive - Wilfrid Laurier University\Spring - 2026\EC 481\Term
>  paper\Tran_EC481_submission\code_Tran\data/output/table2_composite_robustness_Tran.xlsx
. }

. 
end of do-file

. 
. * --- 6. Raw Stata output tables (outreg2) ------------------------------------
. do "$dofiles/11_paper_outputs.do"      // tab1/2/3_..._Tran.doc (+ tex fragment)

. *==============================================================================
. * 11_paper_outputs.do  --  Raw Stata output tables via outreg2
. *------------------------------------------------------------------------------
. * PURPOSE
. *   Write the regression results directly from the estimation commands using
. *   outreg2 -- NOT hand-built, NOT post-processed. Each table is outreg2's own
. *   formatted output, produced by the estimation command that generated it.
. *
. * REQUIRES
. *   ssc install outreg2
. *
. * RUN ORDER
. *   Run this AFTER 09_regressions.do and 10_composite_robustness.do, since
. *   Table 3 reuses the composite HPI files 10_composite_robustness.do caches.
. *
. * OUTPUT (all written directly by outreg2; .doc opens natively in Word):
. *   $output/tab1_summary_stats_Tran.doc
. *   $output/tab2_main_results_Tran.doc   (+ tab2_main_results_Tran.tex)
. *   $output/tab3_composite_robustness_Tran.doc
. *==============================================================================
. 
. capture which outreg2

. if _rc {
.     display as error "outreg2 not installed. Run:  ssc install outreg2"
.     display as error "Skipping 11_paper_outputs.do -- install outreg2 and re-run this file.
> "
.     exit 0
. }

. 
. use "$clean/core_affordability_panel_expanded_Tran.dta", clear

. xtset market_id year

Panel variable: market_id (strongly balanced)
 Time variable: year, 2016 to 2023
         Delta: 1 unit

. 
. * ---------------------------------------------------------------------------
. * Table 1: summary statistics -- outreg2's sum(log) option writes directly
. * from -summarize-, nothing retyped.
. * ---------------------------------------------------------------------------
. capture erase "$output/tab1_summary_stats_Tran.doc"

. outreg2 using "$output/tab1_summary_stats_Tran.doc", replace word ///
>     sum(log) title("Table 1. Summary statistics -- 36 Canadian CMAs, 2016-2023") ///
>     keep(benchmark_price median_income qual_rate max_qualified_price ///
>          affordability_gap price_income_ratio pre_exposure_z)

    Variable |        Obs        Mean    Std. dev.       Min        Max
-------------+---------------------------------------------------------
        year |        288      2019.5    2.295276       2016       2023
benchmark_~e |        288    451334.4    227769.4     121800    1203900
ln_benchma~e |        288    12.89697    .5024154   11.71014   14.00108
keep_basel~e |        248           1           0          1          1
   market_id |        288        18.5    10.40638          1         36
-------------+---------------------------------------------------------
  cluster_id |        288    17.88889     9.99729          1         35
median_inc~e |        288    95177.12     11121.2      70260     131390
contract_r~r |        288     5.25416    .6243041   4.657308   6.684231
   qual_rate |        288     7.25416    .6243041   6.657308   8.684231
  population |        288    749130.7     1273954      97549    6840723
-------------+---------------------------------------------------------
      ln_pop |        288    12.77338    1.089936   11.48811    15.7384
  unemp_rate |        286    6.296154    1.778631        2.7         12
starts_total |        246    5834.764    9146.702        151      47428
   ln_starts |        246    7.789312    1.311266    5.01728   10.76697
max_monthl~t |        288    3093.256    361.4391    2283.45   4270.175
-------------+---------------------------------------------------------
qual_rate_~y |        288    .0059551    .0005042   .0054723   .0071093
amort_months |        288         300           0        300        300
max_mortgage |        288    431637.9    44542.71   336104.1   577673.7
max_qualif~e |        288    539547.3    55678.39   420130.1   722092.1
affordabil~p |        288   -.2962523    .4781804  -1.280202   .7896781
-------------+---------------------------------------------------------
affordabil~t |        288   -.1657394    .4171099  -.7220188   1.202687
price_inco~o |        288    4.708016    2.288562   1.619001   12.07457
pre_exposu~w |        288    4.384215    2.023087   1.701522   10.77362
pre_exposu~z |        288    5.28e-09    .9877296  -1.309768   3.119494
exposure_t~e |        288           2    .8179178          1          3

Following variable is string, not included:  
crea_market  cma_name  province  match_tier  match_quality  match_method  principal_city  not
> es  baseline_sample  market_type  board_cluster  crea_board  cma_key  cma_name_income  
C:\Users\Dell\OneDrive - Wilfrid Laurier University\Spring - 2026\EC 481\Term paper\Tran_EC48
> 1_submission\code_Tran\data/output/tab1_summary_stats_Tran.doc
dir : seeout

. 
. * ---------------------------------------------------------------------------
. * Table 2: main results + leave-out robustness. Each xtreg is estimated, then
. * outreg2 appends that model as a new column -- output comes straight from
. * e(b)/e(V) of the command just run.
. * ---------------------------------------------------------------------------
. capture erase "$output/tab2_main_results_Tran.doc"

. 
. xtreg affordability_gap c.qual_rate#c.pre_exposure_z i.year, ///
>     fe vce(cluster cluster_id)

Fixed-effects (within) regression               Number of obs     =        288
Group variable: market_id                       Number of groups  =         36

R-squared:                                      Obs per group:
     Within  = 0.7806                                         min =          8
     Between = 0.9165                                         avg =        8.0
     Overall = 0.0125                                         max =          8

                                                F(8, 34)          =     110.25
corr(u_i, Xb) = -0.4884                         Prob > F          =     0.0000

                                (Std. err. adjusted for 35 clusters in cluster_id)
----------------------------------------------------------------------------------
                 |               Robust
affordability_~p | Coefficient  std. err.      t    P>|t|     [95% conf. interval]
-----------------+----------------------------------------------------------------
     c.qual_rate#|
c.pre_exposure_z |  -.0145259   .0127897    -1.14   0.264    -.0405177    .0114659
                 |
            year |
           2017  |   .0701465   .0130892     5.36   0.000     .0435461     .096747
           2018  |   .1249923   .0186536     6.70   0.000     .0870835     .162901
           2019  |   .1260194   .0235675     5.35   0.000     .0781245    .1739142
           2020  |   .1309579   .0291132     4.50   0.000     .0717928    .1901229
           2021  |   .3072103   .0411267     7.47   0.000     .2236309    .3907897
           2022  |   .4947243   .0460926    10.73   0.000     .4010529    .5883958
           2023  |   .4945698   .0390406    12.67   0.000     .4152296    .5739099
                 |
           _cons |  -.5148298   .0253479   -20.31   0.000     -.566343   -.4633166
-----------------+----------------------------------------------------------------
         sigma_u |  .54020105
         sigma_e |  .10297407
             rho |  .96493741   (fraction of variance due to u_i)
----------------------------------------------------------------------------------

. outreg2 using "$output/tab2_main_results_Tran.doc", replace word ///
>     title("Table 2. Continuous-treatment DiD estimates (36 CMAs)") ///
>     ctitle("Main") keep(c.qual_rate#c.pre_exposure_z) ///
>     addstat(Within R-sq, e(r2_w)) ///
>     addtext(Market FE, YES, Year FE, YES, Sample, All 36 CMAs) ///
>     label bdec(4) sdec(4)
C:\Users\Dell\OneDrive - Wilfrid Laurier University\Spring - 2026\EC 481\Term paper\Tran_EC48
> 1_submission\code_Tran\data/output/tab2_main_results_Tran.doc
dir : seeout

. 
. xtreg affordability_gap c.qual_rate#c.pre_exposure_z i.year ///
>     if cma_name != "Vancouver", fe vce(cluster cluster_id)

Fixed-effects (within) regression               Number of obs     =        280
Group variable: market_id                       Number of groups  =         35

R-squared:                                      Obs per group:
     Within  = 0.7948                                         min =          8
     Between = 0.9362                                         avg =        8.0
     Overall = 0.1092                                         max =          8

                                                F(8, 33)          =     166.17
corr(u_i, Xb) = -0.0767                         Prob > F          =     0.0000

                                (Std. err. adjusted for 34 clusters in cluster_id)
----------------------------------------------------------------------------------
                 |               Robust
affordability_~p | Coefficient  std. err.      t    P>|t|     [95% conf. interval]
-----------------+----------------------------------------------------------------
     c.qual_rate#|
c.pre_exposure_z |  -.0023602   .0131919    -0.18   0.859    -.0291994     .024479
                 |
            year |
           2017  |   .0719146   .0132178     5.44   0.000     .0450228    .0988064
           2018  |   .1282708   .0183445     6.99   0.000     .0909486     .165593
           2019  |   .1336102   .0226952     5.89   0.000     .0874364    .1797839
           2020  |   .1401533   .0283213     4.95   0.000     .0825331    .1977734
           2021  |   .3187962    .040534     7.86   0.000     .2363291    .4012634
           2022  |   .5066005    .045144    11.22   0.000     .4147543    .5984466
           2023  |   .5057195   .0374971    13.49   0.000     .4294312    .5820078
                 |
           _cons |  -.5504071   .0282526   -19.48   0.000    -.6078875   -.4929268
-----------------+----------------------------------------------------------------
         sigma_u |  .42761913
         sigma_e |  .10073716
             rho |  .94742147   (fraction of variance due to u_i)
----------------------------------------------------------------------------------

. outreg2 using "$output/tab2_main_results_Tran.doc", append word ///
>     ctitle("No Vancouver") keep(c.qual_rate#c.pre_exposure_z) ///
>     addstat(Within R-sq, e(r2_w)) ///
>     addtext(Market FE, YES, Year FE, YES, Sample, Drop Vancouver) ///
>     label bdec(4) sdec(4)
C:\Users\Dell\OneDrive - Wilfrid Laurier University\Spring - 2026\EC 481\Term paper\Tran_EC48
> 1_submission\code_Tran\data/output/tab2_main_results_Tran.doc
dir : seeout

. 
. xtreg affordability_gap c.qual_rate#c.pre_exposure_z i.year ///
>     if !inlist(cma_name, "Toronto", "Vancouver"), fe vce(cluster cluster_id)

Fixed-effects (within) regression               Number of obs     =        272
Group variable: market_id                       Number of groups  =         34

R-squared:                                      Obs per group:
     Within  = 0.7941                                         min =          8
     Between = 0.9478                                         avg =        8.0
     Overall = 0.2694                                         max =          8

                                                F(8, 32)          =     211.41
corr(u_i, Xb) = 0.1159                          Prob > F          =     0.0000

                                (Std. err. adjusted for 33 clusters in cluster_id)
----------------------------------------------------------------------------------
                 |               Robust
affordability_~p | Coefficient  std. err.      t    P>|t|     [95% conf. interval]
-----------------+----------------------------------------------------------------
     c.qual_rate#|
c.pre_exposure_z |   .0040748   .0158133     0.26   0.798    -.0281359    .0362854
                 |
            year |
           2017  |    .070063    .013418     5.22   0.000     .0427314    .0973946
           2018  |    .129933   .0185533     7.00   0.000     .0921411    .1677248
           2019  |   .1357741   .0231534     5.86   0.000     .0886122     .182936
           2020  |   .1425994   .0290038     4.92   0.000     .0835206    .2016782
           2021  |   .3215895   .0416126     7.73   0.000     .2368274    .4063516
           2022  |   .5102043   .0458072    11.14   0.000     .4168981    .6035104
           2023  |   .5108564   .0374912    13.63   0.000     .4344892    .5872235
                 |
           _cons |  -.5710492    .033739   -16.93   0.000    -.6397733   -.5023251
-----------------+----------------------------------------------------------------
         sigma_u |  .37026111
         sigma_e |  .10170797
             rho |  .92983813   (fraction of variance due to u_i)
----------------------------------------------------------------------------------

. outreg2 using "$output/tab2_main_results_Tran.doc", append word ///
>     ctitle("No Tor+Van") keep(c.qual_rate#c.pre_exposure_z) ///
>     addstat(Within R-sq, e(r2_w)) ///
>     addtext(Market FE, YES, Year FE, YES, Sample, Drop Toronto+Vancouver) ///
>     label bdec(4) sdec(4)
C:\Users\Dell\OneDrive - Wilfrid Laurier University\Spring - 2026\EC 481\Term paper\Tran_EC48
> 1_submission\code_Tran\data/output/tab2_main_results_Tran.doc
dir : seeout

. 
. xtreg affordability_gap c.qual_rate#c.pre_exposure_z i.year ///
>     if province != "BC", fe vce(cluster cluster_id)

Fixed-effects (within) regression               Number of obs     =        232
Group variable: market_id                       Number of groups  =         29

R-squared:                                      Obs per group:
     Within  = 0.7761                                         min =          8
     Between = 0.9322                                         avg =        8.0
     Overall = 0.2630                                         max =          8

                                                F(8, 28)          =      99.21
corr(u_i, Xb) = 0.1061                          Prob > F          =     0.0000

                                (Std. err. adjusted for 29 clusters in cluster_id)
----------------------------------------------------------------------------------
                 |               Robust
affordability_~p | Coefficient  std. err.      t    P>|t|     [95% conf. interval]
-----------------+----------------------------------------------------------------
     c.qual_rate#|
c.pre_exposure_z |   .0037337   .0179798     0.21   0.837    -.0330962    .0405635
                 |
            year |
           2017  |   .0648228   .0154049     4.21   0.000     .0332672    .0963784
           2018  |   .1156586   .0210487     5.49   0.000     .0725423     .158775
           2019  |   .1328222   .0270012     4.92   0.000     .0775127    .1881317
           2020  |   .1463837   .0335926     4.36   0.000     .0775723    .2151951
           2021  |   .3245333   .0483787     6.71   0.000     .2254341    .4236325
           2022  |   .5057969   .0538023     9.40   0.000     .3955879    .6160058
           2023  |   .5145755   .0442035    11.64   0.000     .4240287    .6051223
                 |
           _cons |   -.627856   .0463545   -13.54   0.000    -.7228089   -.5329031
-----------------+----------------------------------------------------------------
         sigma_u |  .37183952
         sigma_e |  .10843408
             rho |  .92162547   (fraction of variance due to u_i)
----------------------------------------------------------------------------------

. outreg2 using "$output/tab2_main_results_Tran.doc", append word ///
>     ctitle("No BC") keep(c.qual_rate#c.pre_exposure_z) ///
>     addstat(Within R-sq, e(r2_w)) ///
>     addtext(Market FE, YES, Year FE, YES, Sample, Drop all BC) ///
>     label bdec(4) sdec(4)
C:\Users\Dell\OneDrive - Wilfrid Laurier University\Spring - 2026\EC 481\Term paper\Tran_EC48
> 1_submission\code_Tran\data/output/tab2_main_results_Tran.doc
dir : seeout

. 
. capture drop bc_post

. gen byte bc_post = (province == "BC") & (year >= 2022)

. label variable bc_post "BC x post-2022"

. xtreg affordability_gap c.qual_rate#c.pre_exposure_z i.year bc_post, ///
>     fe vce(cluster cluster_id)

Fixed-effects (within) regression               Number of obs     =        288
Group variable: market_id                       Number of groups  =         36

R-squared:                                      Obs per group:
     Within  = 0.7813                                         min =          8
     Between = 0.9146                                         avg =        8.0
     Overall = 0.0005                                         max =          8

                                                F(9, 34)          =      77.75
corr(u_i, Xb) = -0.3626                         Prob > F          =     0.0000

                                (Std. err. adjusted for 35 clusters in cluster_id)
----------------------------------------------------------------------------------
                 |               Robust
affordability_~p | Coefficient  std. err.      t    P>|t|     [95% conf. interval]
-----------------+----------------------------------------------------------------
     c.qual_rate#|
c.pre_exposure_z |  -.0098212    .011782    -0.83   0.410    -.0337651    .0141226
                 |
            year |
           2017  |   .0701465   .0130695     5.37   0.000     .0435861     .096707
           2018  |   .1249923   .0185066     6.75   0.000     .0873823    .1626022
           2019  |   .1260194   .0235527     5.35   0.000     .0781545    .1738843
           2020  |   .1309579   .0291558     4.49   0.000     .0717062    .1902095
           2021  |   .3072103   .0411946     7.46   0.000     .2234928    .3909278
           2022  |   .5016164   .0497736    10.08   0.000     .4004643    .6027685
           2023  |   .5014619   .0426747    11.75   0.000     .4147364    .5881874
                 |
         bc_post |  -.0354451    .033915    -1.05   0.303    -.1043688    .0334785
           _cons |  -.5148298    .025298   -20.35   0.000    -.5662415   -.4634181
-----------------+----------------------------------------------------------------
         sigma_u |  .50902032
         sigma_e |  .10302169
             rho |  .96064934   (fraction of variance due to u_i)
----------------------------------------------------------------------------------

. outreg2 using "$output/tab2_main_results_Tran.doc", append word ///
>     ctitle("BC x Post ctrl") keep(c.qual_rate#c.pre_exposure_z bc_post) ///
>     addstat(Within R-sq, e(r2_w)) ///
>     addtext(Market FE, YES, Year FE, YES, Sample, All 36 CMAs) ///
>     label bdec(4) sdec(4)
C:\Users\Dell\OneDrive - Wilfrid Laurier University\Spring - 2026\EC 481\Term paper\Tran_EC48
> 1_submission\code_Tran\data/output/tab2_main_results_Tran.doc
dir : seeout

. 
. * Same main column as a .tex fragment for Overleaf
. xtreg affordability_gap c.qual_rate#c.pre_exposure_z i.year, ///
>     fe vce(cluster cluster_id)

Fixed-effects (within) regression               Number of obs     =        288
Group variable: market_id                       Number of groups  =         36

R-squared:                                      Obs per group:
     Within  = 0.7806                                         min =          8
     Between = 0.9165                                         avg =        8.0
     Overall = 0.0125                                         max =          8

                                                F(8, 34)          =     110.25
corr(u_i, Xb) = -0.4884                         Prob > F          =     0.0000

                                (Std. err. adjusted for 35 clusters in cluster_id)
----------------------------------------------------------------------------------
                 |               Robust
affordability_~p | Coefficient  std. err.      t    P>|t|     [95% conf. interval]
-----------------+----------------------------------------------------------------
     c.qual_rate#|
c.pre_exposure_z |  -.0145259   .0127897    -1.14   0.264    -.0405177    .0114659
                 |
            year |
           2017  |   .0701465   .0130892     5.36   0.000     .0435461     .096747
           2018  |   .1249923   .0186536     6.70   0.000     .0870835     .162901
           2019  |   .1260194   .0235675     5.35   0.000     .0781245    .1739142
           2020  |   .1309579   .0291132     4.50   0.000     .0717928    .1901229
           2021  |   .3072103   .0411267     7.47   0.000     .2236309    .3907897
           2022  |   .4947243   .0460926    10.73   0.000     .4010529    .5883958
           2023  |   .4945698   .0390406    12.67   0.000     .4152296    .5739099
                 |
           _cons |  -.5148298   .0253479   -20.31   0.000     -.566343   -.4633166
-----------------+----------------------------------------------------------------
         sigma_u |  .54020105
         sigma_e |  .10297407
             rho |  .96493741   (fraction of variance due to u_i)
----------------------------------------------------------------------------------

. outreg2 using "$output/tab2_main_results_Tran.tex", replace tex(fragment) ///
>     ctitle("Main") keep(c.qual_rate#c.pre_exposure_z) ///
>     addstat(Within R-sq, e(r2_w)) label bdec(4) sdec(4)
C:\Users\Dell\OneDrive - Wilfrid Laurier University\Spring - 2026\EC 481\Term paper\Tran_EC48
> 1_submission\code_Tran\data/output/tab2_main_results_Tran.tex
dir : seeout

. 
. * ---------------------------------------------------------------------------
. * Table 3: composite-HPI robustness (single board vs 3 weight schemes).
. * Reuses the composite files 10_composite_robustness.do writes, so the three
. * extra columns are estimated on the SAME composite series checked there --
. * nothing rebuilt or retyped in this file.
. * ---------------------------------------------------------------------------
. capture erase "$output/tab3_composite_robustness_Tran.doc"

. 
. xtreg affordability_gap c.qual_rate#c.pre_exposure_z i.year, ///
>     fe vce(cluster cluster_id)

Fixed-effects (within) regression               Number of obs     =        288
Group variable: market_id                       Number of groups  =         36

R-squared:                                      Obs per group:
     Within  = 0.7806                                         min =          8
     Between = 0.9165                                         avg =        8.0
     Overall = 0.0125                                         max =          8

                                                F(8, 34)          =     110.25
corr(u_i, Xb) = -0.4884                         Prob > F          =     0.0000

                                (Std. err. adjusted for 35 clusters in cluster_id)
----------------------------------------------------------------------------------
                 |               Robust
affordability_~p | Coefficient  std. err.      t    P>|t|     [95% conf. interval]
-----------------+----------------------------------------------------------------
     c.qual_rate#|
c.pre_exposure_z |  -.0145259   .0127897    -1.14   0.264    -.0405177    .0114659
                 |
            year |
           2017  |   .0701465   .0130892     5.36   0.000     .0435461     .096747
           2018  |   .1249923   .0186536     6.70   0.000     .0870835     .162901
           2019  |   .1260194   .0235675     5.35   0.000     .0781245    .1739142
           2020  |   .1309579   .0291132     4.50   0.000     .0717928    .1901229
           2021  |   .3072103   .0411267     7.47   0.000     .2236309    .3907897
           2022  |   .4947243   .0460926    10.73   0.000     .4010529    .5883958
           2023  |   .4945698   .0390406    12.67   0.000     .4152296    .5739099
                 |
           _cons |  -.5148298   .0253479   -20.31   0.000     -.566343   -.4633166
-----------------+----------------------------------------------------------------
         sigma_u |  .54020105
         sigma_e |  .10297407
             rho |  .96493741   (fraction of variance due to u_i)
----------------------------------------------------------------------------------

. outreg2 using "$output/tab3_composite_robustness_Tran.doc", replace word ///
>     title("Table 3. Robustness to HPI construction") ///
>     ctitle("Single board (primary)") ///
>     keep(c.qual_rate#c.pre_exposure_z) label bdec(4) sdec(4)
C:\Users\Dell\OneDrive - Wilfrid Laurier University\Spring - 2026\EC 481\Term paper\Tran_EC48
> 1_submission\code_Tran\data/output/tab3_composite_robustness_Tran.doc
dir : seeout

. 
. tempfile base_panel

. save `base_panel', replace
(file C:\Users\Dell\AppData\Local\Temp\ST_2828_000001.tmp not found)
file C:\Users\Dell\AppData\Local\Temp\ST_2828_000001.tmp saved as .dta format

. 
. foreach sch in approx equal pop_share {
  2.     capture confirm file "$clean/hpi_composite_`sch'_Tran.dta"
  3.     if _rc {
  4.         display as text "Composite scheme `sch' not cached -- run 10_composite_robustnes
> s.do first. Skipping this column."
  5.         continue
  6.     }
  7.     use `base_panel', clear
  8.     merge m:1 cma_name year using "$clean/hpi_composite_`sch'_Tran.dta"
  9.     replace benchmark_price = benchmark_price_composite if !missing(benchmark_price_comp
> osite)
 10.     drop _merge benchmark_price_composite
 11.     replace affordability_gap = ln(benchmark_price) - ln(max_qualified_price)
 12.     xtreg affordability_gap c.qual_rate#c.pre_exposure_z i.year, ///
>         fe vce(cluster cluster_id)
 13.     outreg2 using "$output/tab3_composite_robustness_Tran.doc", append word ///
>         ctitle("Composite, `sch'") ///
>         keep(c.qual_rate#c.pre_exposure_z) label bdec(4) sdec(4)
 14. }
(variable cma_name was str32, now str40 to accommodate using data's values)

    Result                      Number of obs
    -----------------------------------------
    Not matched                           256
        from master                       256  (_merge==1)
        from using                          0  (_merge==2)

    Matched                                32  (_merge==3)
    -----------------------------------------
(32 real changes made)
(32 real changes made)

Fixed-effects (within) regression               Number of obs     =        288
Group variable: market_id                       Number of groups  =         36

R-squared:                                      Obs per group:
     Within  = 0.7825                                         min =          8
     Between = 0.9148                                         avg =        8.0
     Overall = 0.0067                                         max =          8

                                                F(8, 34)          =     118.27
corr(u_i, Xb) = -0.4632                         Prob > F          =     0.0000

                                (Std. err. adjusted for 35 clusters in cluster_id)
----------------------------------------------------------------------------------
                 |               Robust
affordability_~p | Coefficient  std. err.      t    P>|t|     [95% conf. interval]
-----------------+----------------------------------------------------------------
     c.qual_rate#|
c.pre_exposure_z |  -.0136018   .0124283    -1.09   0.281    -.0388591    .0116555
                 |
            year |
           2017  |   .0701287   .0130151     5.39   0.000     .0436788    .0965786
           2018  |   .1255569   .0185825     6.76   0.000     .0877926    .1633211
           2019  |    .126943   .0234757     5.41   0.000     .0792347    .1746513
           2020  |   .1320537   .0290457     4.55   0.000     .0730256    .1910817
           2021  |   .3085562   .0410252     7.52   0.000     .2251829    .3919296
           2022  |    .496132   .0459268    10.80   0.000     .4027975    .5894665
           2023  |   .4958171   .0389391    12.73   0.000     .4166832    .5749509
                 |
           _cons |  -.5173784   .0252701   -20.47   0.000    -.5687334   -.4660233
-----------------+----------------------------------------------------------------
         sigma_u |  .53180364
         sigma_e |  .10265485
             rho |  .96407736   (fraction of variance due to u_i)
----------------------------------------------------------------------------------
C:\Users\Dell\OneDrive - Wilfrid Laurier University\Spring - 2026\EC 481\Term paper\Tran_EC48
> 1_submission\code_Tran\data/output/tab3_composite_robustness_Tran.doc
dir : seeout
(variable cma_name was str32, now str40 to accommodate using data's values)

    Result                      Number of obs
    -----------------------------------------
    Not matched                           256
        from master                       256  (_merge==1)
        from using                          0  (_merge==2)

    Matched                                32  (_merge==3)
    -----------------------------------------
(32 real changes made)
(32 real changes made)

Fixed-effects (within) regression               Number of obs     =        288
Group variable: market_id                       Number of groups  =         36

R-squared:                                      Obs per group:
     Within  = 0.7878                                         min =          8
     Between = 0.9031                                         avg =        8.0
     Overall = 0.0010                                         max =          8

                                                F(8, 34)          =     156.88
corr(u_i, Xb) = -0.3618                         Prob > F          =     0.0000

                                (Std. err. adjusted for 35 clusters in cluster_id)
----------------------------------------------------------------------------------
                 |               Robust
affordability_~p | Coefficient  std. err.      t    P>|t|     [95% conf. interval]
-----------------+----------------------------------------------------------------
     c.qual_rate#|
c.pre_exposure_z |  -.0102205   .0113129    -0.90   0.373    -.0332111    .0127701
                 |
            year |
           2017  |   .0703464   .0128374     5.48   0.000     .0442577    .0964351
           2018  |   .1273585   .0183927     6.92   0.000     .0899801    .1647369
           2019  |   .1294805   .0232075     5.58   0.000     .0823171    .1766438
           2020  |    .134877   .0288451     4.68   0.000     .0762567    .1934972
           2021  |   .3123473   .0406583     7.68   0.000     .2297198    .3949749
           2022  |   .5005075   .0453832    11.03   0.000     .4082779    .5927372
           2023  |   .4994922   .0385503    12.96   0.000     .4211486    .5778358
                 |
           _cons |   -.523927   .0250007   -20.96   0.000    -.5747346   -.4731195
-----------------+----------------------------------------------------------------
         sigma_u |  .50325908
         sigma_e |  .10172207
             rho |  .96074845   (fraction of variance due to u_i)
----------------------------------------------------------------------------------
C:\Users\Dell\OneDrive - Wilfrid Laurier University\Spring - 2026\EC 481\Term paper\Tran_EC48
> 1_submission\code_Tran\data/output/tab3_composite_robustness_Tran.doc
dir : seeout
(variable cma_name was str32, now str40 to accommodate using data's values)

    Result                      Number of obs
    -----------------------------------------
    Not matched                           256
        from master                       256  (_merge==1)
        from using                          0  (_merge==2)

    Matched                                32  (_merge==3)
    -----------------------------------------
(32 real changes made)
(32 real changes made)

Fixed-effects (within) regression               Number of obs     =        288
Group variable: market_id                       Number of groups  =         36

R-squared:                                      Obs per group:
     Within  = 0.7829                                         min =          8
     Between = 0.9139                                         avg =        8.0
     Overall = 0.0053                                         max =          8

                                                F(8, 34)          =     120.56
corr(u_i, Xb) = -0.4555                         Prob > F          =     0.0000

                                (Std. err. adjusted for 35 clusters in cluster_id)
----------------------------------------------------------------------------------
                 |               Robust
affordability_~p | Coefficient  std. err.      t    P>|t|     [95% conf. interval]
-----------------+----------------------------------------------------------------
     c.qual_rate#|
c.pre_exposure_z |  -.0133284   .0123464    -1.08   0.288    -.0384193    .0117624
                 |
            year |
           2017  |   .0701066   .0129916     5.40   0.000     .0437046    .0965087
           2018  |   .1258092   .0185778     6.77   0.000     .0880546    .1635638
           2019  |   .1273121   .0234706     5.42   0.000     .0796141    .1750102
           2020  |    .132491   .0290505     4.56   0.000     .0734534    .1915287
           2021  |   .3090064   .0410183     7.53   0.000     .2256472    .3923656
           2022  |   .4965886   .0458994    10.82   0.000     .4033098    .5898673
           2023  |   .4962312   .0389219    12.75   0.000     .4171323    .5753301
                 |
           _cons |  -.5185261   .0252631   -20.53   0.000     -.569867   -.4671853
-----------------+----------------------------------------------------------------
         sigma_u |    .528911
         sigma_e |  .10259491
             rho |  .96373851   (fraction of variance due to u_i)
----------------------------------------------------------------------------------
C:\Users\Dell\OneDrive - Wilfrid Laurier University\Spring - 2026\EC 481\Term paper\Tran_EC48
> 1_submission\code_Tran\data/output/tab3_composite_robustness_Tran.doc
dir : seeout

. use `base_panel', clear

. 
. display as text ""


. display as text "=========================================================="
==========================================================

. display as text " outreg2 tables written to $output :"
 outreg2 tables written to C:\Users\Dell\OneDrive - Wilfrid Laurier University\Spring - 2026\
> EC 481\Term paper\Tran_EC481_submission\code_Tran\data/output :

. display as text "   tab1_summary_stats_Tran.doc"
   tab1_summary_stats_Tran.doc

. display as text "   tab2_main_results_Tran.doc  (+ tab2_main_results_Tran.tex)"
   tab2_main_results_Tran.doc  (+ tab2_main_results_Tran.tex)

. display as text "   tab3_composite_robustness_Tran.doc"
   tab3_composite_robustness_Tran.doc

. display as text " Raw outreg2 output -- open directly in Word, no editing needed."
 Raw outreg2 output -- open directly in Word, no editing needed.

. display as text " Figures are separate PNGs from 08_figures_tables.do; insert"
 Figures are separate PNGs from 08_figures_tables.do; insert

. display as text " them into the paper alongside these tables."
 them into the paper alongside these tables.

. display as text "=========================================================="
==========================================================

. 
end of do-file

. 
. log close
      name:  <unnamed>
       log:  C:\Users\Dell\OneDrive - Wilfrid Laurier University\Spring - 2026\EC 481\Term pa
> per\Tran_EC481_submission\code_Tran\data/output/ec481_final_Tran.log
  log type:  text
 closed on:  10 Aug 2026, 20:45:39
---------------------------------------------------------------------------------------------
